product_name,actual_price,discount_price,description,processor,ram,storage,graphic_card,display_size,battery,resolution,ports,operating_system,image_link,product_link
Laptop Apple MacBook Air 13 inch M1 8GB/256GB (MGN63SA/A),19.990.000₫,18.590.000₫,"Title: Laptop Apple MacBook Air M1 2020 thuộc dòng laptop cao cấp sang trọng có cấu hình mạnh mẽ, chinh phục được các tính năng văn phòng lẫn đồ hoạ mà bạn mong muốn, thời lượng pin dài, thiết kế mỏng nhẹ sẽ đáp ứng tốt các nhu cầu làm việc của bạn.
Title: Chip Apple M1 tốc độ xử lý nhanh gấp 3.5 lần thế hệ trước
Detail: Chiếc MacBook này được trang bị con chip Apple M1 được sản xuất độc quyền bởi Nhà Táo trên tiến trình 5 nm, 8 lõi bao gồm 4 lõi tiết kiệm điện và 4 lõi hiệu suất cao, mang đến một hiệu năng kinh ngạc, xử lý mọi tác vụ văn phòng một cách mượt mà như Word, Excel, Powerpoint,... thực hiện tốt các nhiệm vụ chỉnh sửa hình ảnh, kết xuất 2D trên các phần mềm Photoshop, AI,... máy còn hỗ trợ tiết kiệm được điện năng cao.
Detail: 
Detail: Đi cùng CPU là card đồ họa tích hợp 7 nhân GPU có hiệu năng vượt trội sau nhiều bài thử nghiệm hiệu năng đồ họa của benchmark, bạn có thể sử dụng nhiều phần mềm đồ họa chuyên nghiệp, thoả sức sáng tạo nội dung, render video ổn định với chất lượng hình ảnh cao.
Detail: 
Detail: MacBook Air được trang bị RAM 8 GB cho khả năng đa nhiệm cao, bạn có thể mở cùng lúc nhiều cửa sổ hoặc ứng dụng để phục vụ cho công việc, giải trí của mình ví dụ như vừa mở Chrome tra cứu thông tin vừa mở Word để làm việc cực kỳ tiện lợi mà không cần lo lắng là máy sẽ bị đơ.
Detail: MacBook sở hữu ổ cứng SSD 256 GB cho tốc độ xử lý nhanh chóng, thao tác cuộn trong Safari cực mượt, đánh thức máy đang trong chế độ ngủ chỉ mất vài giây và đem đến không gian lưu trữ rộng rãi bạn cứ thoải mái lưu lại những bộ phim hay mà không lo nó sẽ chiếm chỗ của các tệp tài liệu công việc.
Detail: 
Detail: Bên cạnh sử dụng con chip mới Apple còn ra mắt phiên bản hệ điều hành macOS Big Sur với giao diện hoàn hảo hơn, các chuyển động cuộn, phóng to và chuyển tiếp màn hình mượt mà. Ngoài đổi mới giao diện macOS Big Sur còn mang đến khả năng phản hồi nhanh chóng và kho ứng dụng khổng lồ.
Detail: Xem thêm: Danh sách ứng dụng chạy được trên Macbook chip Apple M1.
Title: Thiết kế sang trọng, tinh tế
Detail: MacBook Air M1 256GB 2020 không những thừa hưởng thiết kế mỏng nhẹ, hiện đại của các thế hệ trước mà còn học hỏi thêm phong cách hiện đại của các dòng Macbook Pro. Khối lượng máy chỉ vỏn vẹn 1.29 kg và mỏng của thân máy là 16.1 mm có tính cơ động cao, dễ đem theo xử lý công việc.
Detail: Vỏ máy được thiết kế nguyên khối từ nguyên liệu nhôm tái chế 100% vừa góp phần bảo vệ môi trường vừa cho độ bền cao, chịu va đập tốt bảo vệ các linh kiện bên trong an toàn nếu có xảy ra va chạm mạnh.
Detail: 
Detail: Magic Keyboard có hành trình phím 1 mm mang lại trải nghiệm gõ nhạy, thoải mái và yên tĩnh, bàn phím còn được trang bị thêm đèn nền vừa tạo cảm giác sang trọng vừa hỗ trợ bạn gõ phím chính xác hơn trong môi trường thiếu sáng.
Detail: Laptop được trang bị 2 cổng kết nối Thunderbolt 3 với tốc độ truyền tải lên đến 40 Gb/s cho tốc độ truyền tải nhanh gấp 2 lần so với thế hệ Thunderbolt 2 trước đây. Bên cạnh Thunderbolt 3 máy còn được trang bị thêm kết nối không dây là Wi-Fi 6 cho tốc độ truyền tải dữ liệu nhanh chóng lên đến 10.000 Mbps cao hơn Wi-Fi 5 chỉ có 7.000 Mbps và Bluetooth v5.0 có tốc độ tối đa là 50 Mbps cho bạn trải nghiệm mượt mà hơn.
Detail: 
Detail: Apple trang bị cho chiếc Macbook M1 này bảo mật vân tay giúp bạn mở khóa nhanh chóng chỉ với một cái chạm nhẹ. Bên cạnh đó, vân tay của bạn sẽ được tích hợp vào việc xác nhận thông tin khi mua sắm online hay truy cập vào các tài liệu có bảo mật mà không cần phải nhập mật khẩu cực kỳ tiện lợi.
Title: Màu sắc chân thực, hình ảnh sắc nét 
Detail: Laptop màn hình Retina 13.3 inch cao cấp cho hình ảnh sắc nét màu sắc tự nhiên. Kết hợp cùng công nghệ True Tone giúp điều chỉnh cân bằng sắc trắng cũng như độ sáng để màu sắc hình ảnh hiển thị chính xác nhất.
Detail: Ngoài ra, góc nhìn của macbook air 2020 cũng được mở rộng hơn nhờ có công nghệ IPS đem lại trải nghiệm nhìn đã mắt, dù bạn nhìn màn hình bằng góc nghiêng.
Detail: 
Detail: MacBook Air M1 được trang bị camera FaceTime HD giúp bạn gọi video cho người thân, bạn bè với chất lượng hiển thị cao. Tích hợp dãy 3 micro giúp truyền tải giọng nói của bạn chính xác hơn. 
Detail: Apple MacBook Air M1 2020 với hiệu năng mạnh mẽ đáp ứng tốt mọi công việc, thiết kế cực mỏng sẽ là sự lựa chọn tuyệt vời dành cho bạn.
","Công nghệ CPU:: Apple M1
Số nhân:: 8
Số luồng:: Hãng không công bố
Tốc độ CPU:: Hãng không công bố
Tốc độ tối đa:: Hãng không công bố
Bộ nhớ đệm:: Hãng không công bố
","RAM:: 8 GB
Loại RAM:: Hãng không công bố
Tốc độ Bus RAM:: Hãng không công bố
Hỗ trợ RAM tối đa:: Không hỗ trợ nâng cấp
","Ổ cứng:: 256 GB SSD
",Card tích hợp - 7 nhân GPU,"13.3""",Lên đến 18 giờ,Retina (2560 x 1600),"Jack tai nghe 3.5 mm
2 x Thunderbolt 3 (USB-C)",macOS,"https://cdn.tgdd.vn/Products/Images/44/231244/Slider/vi-vn-apple-macbook-air-2020-mgn63saa-thumbvideo.jpg và
https://cdn.tgdd.vn/Products/Images/44/231244/grey-1-750x500.jpg và
https://cdn.tgdd.vn/Products/Images/44/231244/grey-2-750x500.jpg và
https://cdn.tgdd.vn/Products/Images/44/231244/grey-3-750x500.jpg và
https://cdn.tgdd.vn/Products/Images/44/231244/grey-4-750x500.jpg và
https://cdn.tgdd.vn/Products/Images/44/231244/grey-5-750x500.jpg và
https://cdn.tgdd.vn/Products/Images/44/231244/apple-macbook-air-2020-mgn63saa-30-750x500.jpg và
",https://www.thegioididong.com/laptop/apple-macbook-air-2020-mgn63saa
Laptop Apple MacBook Air 13 inch M2 8GB/256GB (MLXW3SA/A),24.990.000₫,24.090.000₫,"Title: Sau 14 năm, ba lần sửa đổi và hai kiến trúc bộ vi xử lý khác nhau, kiểu dáng mỏng dần mang tính biểu tượng của MacBook Air đã đi vào lịch sử. Thay vào đó là một chiếc MacBook Air M2 với thiết kế hoàn toàn mới, độ dày không thay đổi tương tự như MacBook Pro, đánh bật mọi rào cản với con chip Apple M2 đầy mạnh mẽ.
Title: Lột xác ngoạn mục với thiết kế thời thượng, sang trọng 
Detail: Sự đẳng cấp đến từ ngoại hình của chiếc MacBook Air nhà Apple là điều không thể phủ nhận và khó có dòng sản phẩm cùng phân khúc nào có thể qua mặt được. Vẫn là lớp vỏ kim loại nguyên khối cứng cáp cùng các cạnh góc vuông vức, sang trọng nhưng chiếc MacBook Air 2022 năm nay đã thoát ra khỏi ngôn ngữ thiết kế nhẹ nhàng vốn có từ lâu và khoác lên diện mạo mới tương tự như “đàn anh” MacBook Pro.
Detail: 
Detail: Bề dày 11.3 mm cùng cân nặng ấn tượng 1.24 kg sẽ là một điểm cộng hoàn hảo cho khả năng di động, luôn sẵn sàng đồng hành cùng một người dùng là sinh viên, dân văn phòng như mình đến trường học, công ty hay cũng thoải mái cho người dùng sáng tạo và đặc biệt là những chuyến công tác xa của doanh nhân.
Detail: 
Detail: Mặc dù có ngoại hình mỏng và khối lượng nhẹ hơn song MacBook Air mới vẫn không kém phần chắc chắn, độ hoàn thiện tốt so với trước đây. Khung máy cứng, nắp máy gần như không uốn cong khi mình tác động lực và vẫn có thể mở lên bằng một ngón tay. Apple luôn đứng đầu khi nói đến chất lượng sản xuất và chiếc Air mới cũng không ngoại lệ.
Detail: Cá nhân mình rất thích màu Midnight với lớp hoàn thiện màu xanh đen đậm có thể thay đổi tùy theo ánh sáng nhưng lại có điểm trừ khi dễ bám dấu vân tay, làm mất đi ngoại hình sang chảnh vốn có của một chiếc laptop cao cấp - sang trọng, bạn có thể chọn mua màu xám, bạc hoặc vàng sẽ không dễ bị bám dấu vân tay hoặc chịu khó lau chùi thường xuyên để giữ cho máy luôn sáng bóng.
Detail: 
Detail: Một sự thay đổi rõ rệt trên chiếc bàn phím Magic Key của dòng laptop Apple M2 năm nay chính là kích thước của hàng phím chức năng F được gia tăng bằng với các dòng phím khác, cho mình thao tác sử dụng chuẩn xác, không bị nhầm lẫn. Hơn nữa trải nghiệm gõ phím cũng rất nhẹ nhàng, êm tay, tiếng ấn cũng nhẹ nhàng hơn so với bàn phím cánh bướm cũ. Kết hợp cùng đèn nền hỗ trợ mình làm việc dễ dàng hơn trong nhiều điều kiện ánh sáng tối khác nhau. 
Detail: 
Detail: Tính năng Touch ID (cảm biến vân tay) tích hợp nút nguồn thay cho mật khẩu cho phép mình mở khóa máy, truy cập các ứng dụng và thanh toán ứng dụng một cách nhanh chóng, không cần tốn nhiều thời gian hay phải nhớ mật khẩu như các kiểu bảo mật truyền thống.
Detail: 
Detail: Bàn di chuột không có khác nhiều so với các mẫu cũ mặc dù Apple đã làm rộng hơn một chút, hoạt động giống nhau về mặt chức năng với khả năng di vuốt tuyệt vời, hỗ trợ cử chỉ và từ chối lệnh khi mình lỡ đặt lòng bàn tay lên. Một trong những thay đổi thú vị khác trên chiếc Air mới chính là lưới loa đã được giấu đi, nằm ở bản lề giữa bàn phím và màn hình để giữ cho ngoại hình gọn gàng hơn.
Detail: 
Detail: MacBook Air M2 2022 sở hữu đầu sạc MagSafe tương tự như MacBook Pro 14 và 16, cho phép mình sạc mà không lo vấp phải dây cáp khiến máy tính rơi xuống sàn. Nhờ có cổng MagSafe mà mình thực sự có thêm một cổng USB-C so với các kiểu máy cũ. Thay vì phải sử dụng một cổng để sạc máy tính và cổng còn lại cho thiết bị ngoại vi, giờ đây mình có thể sử dụng cả hai cổng hỗ trợ Thunderbolt cho các phụ kiện.
Detail: 
Title: Phá vỡ mọi giới hạn nhờ sức mạnh từ bộ vi xử lý Apple M2
Detail: Bộ vi xử lý Apple M2 tuy có mặt cấu tạo tương đồng với M1 nhưng hiệu suất hoạt động cao hơn 18% và nhanh hơn 1.9 lần so với các dòng laptop sở hữu bộ vi xử lý 10 lõi khác, dư sức cân mọi tác vụ từ học tập, làm việc đến đồ họa đến kỹ thuật chuyên sâu. Đồ họa GPU 8 nhân cho khả năng hoạt động mạnh mẽ hơn 35%, xử lý lên đến 15.8 nghìn tỷ tác vụ trong 1 giây nên các công việc liên quan đến hình ảnh, đồ họa, video,... đều được giải quyết rất mượt mà.
Detail: 
Detail: Máy đáp ứng hoàn hảo việc chỉnh sửa video và ảnh nhẹ, đặc biệt nếu bạn sử dụng ứng dụng Ảnh hoặc iMovie của Apple cho các tác vụ đó. Laptop RAM 8 GB cho phép mình sử dụng cùng lúc nhiều cửa sổ ứng dụng khác nhau với độ đa nhiệm mượt mà đáng kể, vừa làm việc trên Photoshop vừa nghe nhạc vẫn rất trơn tru.
Detail: 
Detail: Không gian ổ cứng SSD 256 GB vừa đủ cho các tài liệu, ứng dụng học tập nhưng do chỉ được trang bị một chip NAND duy nhất thay vì hai chip như trên các mẫu M1 hoặc M2 mới có ổ cứng 512 GB trở lên nên tốc độ đọc ghi đã bị giới hạn hơn đáng kể. Mình đã thử đo tốc độ đọc bằng công cụ Black Magic Speed Test được 1543 MB/s, thấp hơn gần một nửa so với con số 2982 MB/s của MacBook Air M1 256 GB.
Detail: 
Detail: Mình đã kiểm chứng nhiệt độ của máy bằng cách chạy các tác vụ nặng cùng lúc như render video, mở nhiều tab Safari và chạy thêm Photoshop thì sau thời gian dài máy đã nóng lên rõ rệt. Theo mình lý do một phần đến từ ngoại hình mỏng hơn, thêm vào đó là tản nhiệt không có quạt nên máy nóng lên nhanh cũng là điều dễ hiểu. Trên thực tế cũng có ít người sử dụng MacBook Air cho các tác vụ nặng như trên.
Detail: 
Detail: Sở hữu pin 52.6 Wh nhưng do hiệu năng và nhiệt độ cao nên M2 Air có thời lượng pin tương tự như mẫu M1, cho phép mình sử dụng từ 8 đến 10 giờ ở mức độ sáng 200 nits và nhiều tác vụ làm việc văn phòng khác nhau. Vẫn thoải mái để mình có thể xách máy ra quán cà phê làm việc trong suốt cả ngày dài.
Detail: 
Title: Trải nghiệm hình ảnh, âm thanh trên cả tuyệt vời 
Detail: Màn hình của chiếc Air lớn hơn một chút so với trước đây, 13.6 inch thay vì 13.3 inch nhưng phần lớn kích thước được gia tăng theo chiều dọc. Các viền xung quanh màn hình đã được làm mỏng hơn và các góc cũng được bo tròn, mang đến vẻ ngoài hiện đại hơn trước.
Detail: Màn hình có độ sáng cao 500 nits khi sử dụng trong nhà mình thực sự không nhận ra sự khác biệt nhưng khi xách máy ra quán cà phê mới thấy rõ được sự khác biệt, nội dung luôn được hiển thị với độ sắc nét cao mà không hề bị hiện tượng hắt sáng gây khó chịu. Công nghệ True Tone sẽ tự động điều chỉnh mức độ ánh sáng phù hợp với môi trường, giúp cho nội dung thể hiện tự nhiên hơn và giảm thiểu hiện tượng mỏi mắt. 
Detail: 
Detail: Độ phân giải Liquid Retina (2560 x 1664) kết hợp cùng dải màu rộng P3 và khả năng hiển thị 1 tỷ màu tạo nên một không gian hoàn chỉnh cho mọi trải nghiệm hình ảnh với màu sắc sinh động và chuẩn xác trên từng vật thể nhỏ nhất. Ngoài ra cũng đáp ứng được nhu cầu làm việc với đồ họa, hình ảnh của mình trên các ứng dụng nhà Adobe như Photoshop, Lightroom,...
Detail: 
Detail: Notch màn hình trên chiếc MacBook Air M2 tạo điểm mới mẻ và cũng là điểm nhận dạng thế hệ MacBook mới nhưng lại không cho mình trải nghiệm sử dụng tốt, phần notch không xấu hay gây mất tập trung mà chưa được tùy biến tốt, sẽ bị ẩn đi khi mình mở những ứng dụng làm việc và hiển thị trở lại khi sử dụng ở dạng cửa sổ. 
Detail: 
Detail: Bù lại Camera Facetime HD 1080p bên trong chiếc notch có nhiều cải tiến cho hình ảnh sắc nét hơn, màu sắc và độ tương phản cũng tốt hơn. Kết hợp với dải ba micrô giúp cho quá trình học tập, làm việc trực tuyến hay gọi video của mình diễn ra suôn sẻ.
Detail: Hệ thống bốn loa mới bao gồm hai loa tweeter, hai loa trầm cùng công nghệ Spatial Audio và Dolby Atmos cho mình trải nghiệm âm thanh to rõ, ít tiếng vang hơn khi chỉnh ở mức âm lượng tối đa. Chất lượng vượt xa so với các dòng máy tính khác, cung cấp âm thanh rõ ràng khi xem video, nghe nhạc, YouTube,...
Detail: 
Detail: MacBook Air M2 2022 chính là sự kết hợp hoàn hảo giữa phong cách thiết kế thời thượng, hiệu năng vượt trội cùng màn hình hiển thị sắc nét, là một cánh tay phải đắc lực cùng mình đối đầu mọi thách thức. 
","Công nghệ CPU:: Apple M2
Số nhân:: 8
Số luồng:: Hãng không công bố
Tốc độ CPU:: 100GB/s
Tốc độ tối đa:: Hãng không công bố
Bộ nhớ đệm:: Hãng không công bố
","RAM:: 8 GB
Loại RAM:: Hãng không công bố
Tốc độ Bus RAM:: Hãng không công bố
Hỗ trợ RAM tối đa:: Không hỗ trợ nâng cấp
","Ổ cứng:: 256 GB SSD
",Card tích hợp - 8 nhân GPU,"13.6""",Lên đến 18 giờ,Liquid Retina (2560 x 1664),"MagSafe 3
Jack tai nghe 3.5 mm
2 x Thunderbolt 3",macOS,"https://cdn.tgdd.vn/Products/Images/44/282827/Slider/vi-vn-apple-macbook-air-m2-2022-thumbvideo-1.jpg và
https://cdn.tgdd.vn/Products/Images/44/282827/apple-macbook-air-m2-2022-01-750x500.jpg và
https://cdn.tgdd.vn/Products/Images/44/282827/apple-macbook-air-m2-2022-02-750x500.jpg và
https://cdn.tgdd.vn/Products/Images/44/282827/apple-macbook-air-m2-2022-03-750x500.jpg và
https://cdn.tgdd.vn/Products/Images/44/282827/apple-macbook-air-m2-2022-04-750x500.jpg và
https://cdn.tgdd.vn/Products/Images/44/282827/apple-macbook-air-m2-2022-05-750x500.jpg và
https://cdn.tgdd.vn/Products/Images/44/282827/apple-macbook-air-m2-2022-06-750x500.jpg và
https://cdn.tgdd.vn/Products/Images/44/282827/apple-macbook-air-m2-2022-07-750x500.jpg và
https://cdn.tgdd.vn/Products/Images/44/282827/apple-macbook-glr-30-750x500.jpg và
",https://www.thegioididong.com/laptop/apple-macbook-air-m2-2022
Laptop Apple MacBook Air 13 inch M3 8GB/256GB (MRXN3SA/A),27.990.000₫,26.990.000₫,"Title: Tiếp nối những thành công mạnh mẽ từ phiên bản Macbook Air M2, thì nay MacBook Air M3 đã quay lại thật bùng nổ vào những tháng đầu 2024 này. Với con chip M3 cải tiến tuyệt vời, ngoại hình đến tiện ích ""miễn chê"" sẽ cho bạn trải nghiệm những chế độ công việc tuyệt vời.
Title: Nguồn tài nguyên tuyệt vời từ dòng chip thế hệ mới 
Detail: Macbook Air sử dụng con chip Apple M3 với 8 nhân CPU được sản xuất dựa trên tiến trình 3 nm mới, mỏng nhẹ hoàn toàn nhưng lại sở hữu mức hiệu năng theo hãng nhận định là vượt trội hơn hẳn các thế hệ trước, 1.6x lần nhanh hơn thế hệ M1 và vận dụng nhanh hơn đến 13x lần đối với thế hệ chip Intel.
Detail: 
Detail: Với khả năng tiếp cận một hệ sinh thái ứng dụng rộng lớn hỗ trợ cho các tính năng AI tiên tiến, chất lượng công việc cũng được nâng lên đáng kể từ tự động cải thiện hình ảnh trong Pixelmator Pro, cho đến loại bỏ tiếng ồn trong nền khỏi video bằng CapCut.
Detail: Thực hiện thật hoàn hảo từ những tác vụ công việc hàng ngày, Macbook Air M3 còn chinh phục người dùng sáng tạo khi trang bị 8 nhân GPU vừa đảm nhận các nhiệm vụ tạo dựng và xuất hình ảnh đáng kinh ngạc, cho phép bạn thao tác mượt mà các ứng dụng đồ họa như Adobe Illustrator, Premiere,... vừa chơi các video game đồ hoạ hay phát phim ở mức phân giải 4K.
Detail: Đảm nhiệm linh hoạt và mượt mà khối lượng công việc lớn cùng lúc với RAM 8 GB đi cùng băng thông bộ nhớ đạt 100 GB/s, chuyển qua lại nhiều phần mềm mà không gặp bất cứ khoảng dừng nào. Ổ cứng SSD 256 GB cho không gian lưu trữ ổn định đồng thời gia tăng tốc độ đọc ghi nhanh chóng hơn.
Detail: 
Detail: Hệ điều hành macOS tích hợp trên các mẫu máy của Apple Silicon mang đến kho ứng dụng cực khủng từ chỉnh sửa nội dung cho công việc, học tập đến giải trí cá nhân, đồng thời còn nâng cao trình bảo mật hệ thống, giữ tính an toàn cao cho thông tin của bạn.
Title: Ngoại hình hiện đại, biểu tượng của nét sang trọng 
Detail: Những chiếc Macbook Air 13 inch đã có sự cải tiến đáng kể về mặt thiết kế vào khoảng 3 năm trước mà vẫn duy trì kiểu dáng đó cho đến bây giờ với các bề mặt dát phẳng khi chế tác từ vỏ nhôm tái chế 100%, thân máy mỏng cùng khối lượng chỉ vỏn vẹn 1.24 kg đặc trưng cho cái tên ""Air"" của thiết bị. 
Detail: 
Detail: Bàn phím Magic Key với độ cao phím tiêu chuẩn, thoải mái khi bấm gõ, hàng phím chức năng cùng bộ phím tắt cực kì thuận tiện cho các công việc thường ngày. MacBook luôn là sự lựa chọn hàng đầu cho những người làm việc văn phòng hay yêu thích sự yên tĩnh với trải nghiệm gõ phím cực êm tay và hạn chế tối đa việc ảnh hưởng tiếng ồn đến những người xung quanh. Đèn nền có thể tinh chỉnh độ sáng tuỳ theo bất cứ hoàn cảnh môi trường nào.
Detail: Tính năng bảo mật vân tay được tích hợp với phím nguồn của máy vừa giúp bạn mở máy nhanh chóng chỉ bằng một chạm, vừa củng cố thêm hệ thống bảo mật thông tin riêng tư khi truy cập các trang web và truy xuất thông tin trong quá trình sử dụng hàng ngày. 3 microphones hỗ trợ tối đa cho quá trình học tập và làm việc từ xa, thu âm thanh ấn tượng để nâng cao hiệu suất công việc.
Detail: 
Detail: Hai cổng Thunderbolt 3 / USB 4, Jack tai nghe 3.5 mm cùng MagSafe 3 đã đem lại cho máy vẻ đẹp tối giản nhưng vẫn đảm bảo truyền tải mọi dữ liệu hay hình ảnh, video,... đến các thiết bị ngoại vi khác một cách nhanh chóng và dễ dàng. 
Detail: 
Title: Màn hình Retina cực nét
Detail: Kích thước màn hình 13.6 inch có độ phân giải Liquid Retina (2560 x 1664) cùng độ hiển thị tối ưu đến 1 tỷ màu đưa đến những mảng màu sắc đỉnh cao để giải trí, tính tương phản cao cùng độ sắc nét tuyệt vời của hình ảnh sẽ khiến bạn đắm mình sâu vào những cung bậc cảm xúc trong các bộ phim yêu thích, làm việc và học tập đều tốt.
Detail: Với độ sáng 500 nits, người dùng hoàn toàn tự tin khi sử dụng máy ở những điều kiện môi trường bên ngoài, dưới ánh đèn hay cạnh cửa sổ mà vẫn quan sát tốt nội dung. Dải màu rộng P3 cùng công nghệ True Tone cho các khung ảnh được tái tạo chuyên nghiệp và chân thực nhất so với điều kiện ánh sáng xung quanh. 
Detail: 
Detail: Hệ thống âm thanh vòm đa chiều Dolby Atmos, Spatial Audio kết hợp cùng 4 loa trên laptop mang đến trọn vẹn những trải nghiệm giải trí chân thực với chất âm sống động, âm bass to rõ, độ khuếch đại lớn để bạn hòa mình vào những bản tình ca du dương hay các tập phim hành động kịch tính.
Detail: 
Detail: MacBook Air 13 inch M3 2024 phiên bản lần này với hiệu năng được cải tiến tối ưu, hơn nữa cho chất lượng công việc, tiện nghi sử dụng cùng ngoại hình mỏng nhẹ đầy thu hút vẫn được giữ nguyên và còn có phần nâng cấp hơn trước, chắc chắn sẽ không làm các tín đồ nhà Táo thất vọng.
Detail: Tiêu chí
MacBook Air M3
MacBook Pro M3
Thời gian ra mắt
03/2024 10/2023
CPU
CPU 8 nhân với 4 lõi hiệu năng và 4 lõi hiệu suất
CPU 8 nhân với 4 lõi hiệu năng và 4 lõi hiệu suất
GPU
GPU lên đến 10 lõi GPU lên đến 10 lõi
RAM
8GB
16GB
Mở rộng lên đến 24GB
8GB
16GB
Mở rộng lên đến 24GB
SSD 256GB SSD
","Công nghệ CPU:: Apple M3 - Hãng không công bố
Số nhân:: 8
Số luồng:: Hãng không công bố
Tốc độ CPU:: 100GB/s
Tốc độ tối đa:: Hãng không công bố
Bộ nhớ đệm:: Hãng không công bố
","RAM:: 8 GB
Loại RAM:: Hãng không công bố
Tốc độ Bus RAM:: Hãng không công bố
Hỗ trợ RAM tối đa:: Không hỗ trợ nâng cấp
","Ổ cứng:: 256 GB SSD
",Card tích hợp - 8 nhân GPU,"13.6""",Lên đến 18 giờ,Liquid Retina (2560 x 1664),"MagSafe 3
Jack tai nghe 3.5 mm
2 x Thunderbolt 3 / USB 4 (lên đến 40 Gb/s)",macOS Sonoma,"https://cdn.tgdd.vn/Products/Images/44/322612/Slider/vi-vn-macbook-air-13-inch-m3-2024-slider-1.jpg và
https://cdn.tgdd.vn/Products/Images/44/322612/macbook-air-13-inch-m3-2024-1-750x500.jpg và
https://cdn.tgdd.vn/Products/Images/44/322612/macbook-air-13-inch-m3-2024-2-750x500.jpg và
https://cdn.tgdd.vn/Products/Images/44/322612/macbook-air-13-inch-m3-2024-3-750x500.jpg và
https://cdn.tgdd.vn/Products/Images/44/322612/macbook-air-13-inch-m3-2024-4-750x500.jpg và
https://cdn.tgdd.vn/Products/Images/44/322612/macbook-air-13-inch-m3-2024-5-750x500.jpg và
https://cdn.tgdd.vn/Products/Images/44/322612/macbook-air-13-inch-m3-2024-6-750x500.jpg và
https://cdn.tgdd.vn/Products/Images/44/322612/macbook-air-13-inch-m3-2024-7-750x500.jpg và
https://cdn.tgdd.vn/Products/Images/44/322612/apple-macbook-glr-30-750x500.jpg và
",https://www.thegioididong.com/laptop/macbook-air-13-inch-m3-2024
Laptop MacBook Air 15 inch M2 8GB/256GB Sạc 70W (Z18T0003T),32.990.000₫,27.590.000₫,"Title: Trong thế giới công nghệ ngày nay, Apple luôn đứng đầu trong việc đem lại sự đổi mới và hiệu suất vượt trội thông qua các sản phẩm của mình. Trong số đó, MacBook Air 15 inch M2 2023 không chỉ là một bước tiến quan trọng mà còn là biểu tượng cho sự tiên phong và sáng tạo của hãng. Với thiết kế tinh tế, hiệu năng mạnh mẽ và tính di động tuyệt vời, chiếc MacBook Air này đã chinh phục không chỉ những người hâm mộ cuồng nhiệt của Apple mà còn cả những người tiêu dùng khó tính nhất.
Title: Vẻ ngoài mỏng manh, tỏa sáng lấp lánh
Detail: Thiết kế của MacBook Air 15 inch M2 2023 không chỉ là một cải tiến, mà còn là một sự cảm nhận tinh tế về sự đẳng cấp và phong cách. Với việc kế thừa và phát triển từ những dòng sản phẩm ra mắt trước đó, Apple mang đến cho bạn một diện mạo mới mẻ, sang trọng nhưng vẫn giữ được nét tinh tế vốn có của nó.
Detail: Mẫu Macbook này không những tập trung vào việc đưa đến trải nghiệm tốt nhất cho bạn, mà còn chú trọng đến việc bảo vệ môi trường, tạo ra một sản phẩm thân thiện với thế giới. Với vỏ kim loại, sản phẩm này toát lên vẻ đẹp của sự sang trọng và đẳng cấp, minh chứng cho cam kết của Apple đối với sự bền bỉ, bảo vệ môi trường.
Detail: 
Detail: Không những thế, với việc được hoàn thiện trên vật liệu nhôm cao cấp cho toàn bộ vỏ máy, chiếc laptop này tạo ra một cảm giác chắc chắn và sang trọng khi cầm nắm. Ngoài ra việc sở hữu độ mỏng vỏn vẹn chỉ 11.5 mm giúp bạn có thể dễ dàng để gọn hay mang theo đến bất cứ nơi đâu.
Detail: 
Detail: Một trong những điểm đặc biệt nổi bật của MacBook Air M2 là thiết kế không quạt. Điều này giúp máy giữ vững vẻ đẹp mỏng nhẹ, đảm bảo rằng người dùng có thể làm việc ở cường độ cao mà không gặp phải tiếng ồn phiền toái từ quạt làm mát.
Detail: 
Detail: Máy được thiết kế với một thân hình mỏng nhẹ và vô cùng thanh lịch, cân nặng khoảng 1.51 kg. Khung viền màn hình siêu mỏng phần nào tối ưu hóa không gian hiển thị, đồng thời làm cho vẻ ngoài của máy sang trọng hơn rất nhiều.
Detail: Với các cổng kết nối đa dạng, bạn có thể dễ dàng tạo ra một môi trường làm việc hoặc giải trí linh hoạt và tiện lợi. MagSafe 3 đem lại sự an toàn và tiện lợi trong quá trình sạc pin, Jack tai nghe 3.5 mm cho phép trải nghiệm âm thanh rõ ràng, chất lượng. Đặc biệt, cổng Thunderbolt / USB 4, Thunderbolt 3, USB 4 có thể kết nối với mọi thiết bị ngoại vi một cách dễ dàng, nhanh chóng, từ màn hình ngoài đến thiết bị lưu trữ.
Detail: 
Detail: Bàn phím Magic Keyboard tiếp tục là điểm nhấn của MacBook Air, với cơ chế bấm nhẹ nhàng, độ phản hồi tốt cùng độ bền cao. Bên cạnh đó, Touchpad cũng được cải thiện để đáp ứng chính xác hơn với các cử chỉ di chuyển trên máy.
Title: Hiệu năng xử lý tối ưu các tác vụ
Detail: Đây là mẫu laptop cao cấp đến từ nhà Táo nên máy có một hiệu năng mạnh mẽ đáp ứng hầu hết mọi tác vụ từ bạn. Với con chip Apple M2 tiên tiến, máy mang đến hiệu suất vượt trội và độ ổn định. Được thiết kế để xử lý mọi tác vụ từ công việc văn phòng đến đồ họa, giải trí, thể hiện sức mạnh đỉnh cao của công nghệ hiện đại nhờ vào dòng CPU 8 nhân kết hợp cùng GPU 10 nhân.
Detail: 
Detail: Chip M2 của MacBook Air 2023 đánh dấu một bước tiến lớn trong công nghệ Apple silicon, với hiệu suất vượt trội và hiệu quả sử dụng năng lượng. Với công nghệ tiên tiến 5 nm, M2 là một bước tiến đột phá so với thế hệ trước đó. Với hơn 20 tỷ bóng bán dẫn, chip này tăng cường khả năng xử lý đồng thời và tối ưu hóa hiệu suất.
Detail: 16 lõi Neural Engine, M2 có khả năng thực hiện tới 15.8 nghìn tỷ phép tính mỗi giây, giúp tăng tốc các tác vụ máy học và trí tuệ nhân tạo. Bộ nhớ hợp nhất hiệu suất cao lên đến 24 GB cho phép CPU và GPU chia sẻ quyền truy cập vào nhóm bộ nhớ lớn hơn, cùng với băng thông bộ nhớ 100 GB/s, hỗ trợ thực hiện đa nhiệm, chạy nhiều ứng dụng trở nên mượt mà hơn bao giờ hết.
Detail: 
Detail: Bộ nhớ RAM 8 GB, giúp máy hoạt động mạnh mẽ và nhanh chóng. Điều này có nghĩa là bạn có thể dễ dàng mở nhiều ứng dụng hoặc chạy các tác vụ phức tạp mà không phải lo lắng về hiệu suất.
Detail: 
Detail: Đặc biệt, với thời lượng pin lên đến 18 giờ, mẫu MacBook Air này là một đối tác đáng tin cậy. Bạn có thể hoàn thành công việc của mình mà không cần lo lắng về việc sạc pin, thậm chí còn dành thời gian thư giãn hoặc giải trí mà không cần phải lo ngại về việc cắm sạc giữa chừng.
Title: Rõ nét đến từng chi tiết
Detail: Màn hình của MacBook Air M2 là một điểm nhấn đặc biệt với các tính năng và công nghệ hàng đầu, tạo ra trải nghiệm hình ảnh vô cùng sống động, chân thực. Với kích thước lớn 15.3 inch, màn hình này mang lại không gian làm việc và giải trí rộng rãi, cho phép bạn thưởng thức nội dung có chi tiết lớn và rõ ràng hơn.
Detail: Độ phân giải Liquid Retina đạt 2880 x 1864, đảm bảo hình ảnh rõ ràng, sắc nét. Công nghệ màn hình Wide color (P3) cùng với LED Backlit và sử dụng tấm nền IPS giúp tái tạo tốt màu sắc chân thực và độ tương phản tốt, cho cảm giác xem hình ảnh sống động, tự nhiên nhất.
Detail: 
Detail: Độ sáng 500 nits cùng công nghệ True Tone Technology tự động điều chỉnh ánh sáng môi trường xung quanh, tạo điều kiện xem tối ưu nhất trong mọi môi trường ánh sáng. Khả năng hiển thị 1 tỷ màu trên thiết bị không chỉ là nơi thưởng thức nội dung mà còn là một bảng vẽ để các nhà thiết kế và nghệ sĩ thỏa sức sáng tạo.
Detail: Điểm đến tuyệt vời trong trải nghiệm âm thanh sắc nét và lôi cuốn. Với hệ thống âm thanh 6 loa, bạn sẽ được tận hưởng trong chất âm vòm mạnh mẽ và sống động, tạo ra một cảm giác giải trí đích thực. Hơn nữa, công nghệ Spatial Audio, Dolby Atmos trên MacBook Air đưa đến âm thanh tốt, trong trẻo, giúp bạn hoàn toàn đắm chìm trong âm nhạc hoặc trải nghiệm phim ảnh một cách hoàn hảo nhất.
Detail: 
Detail: Webcam của máy có độ phân giải 1080p, mang lại hình ảnh sắc nét và rõ ràng. Ngoài ra, mẫu laptop này còn được trang bị hệ thống 3 microphones giúp giảm thiểu tiếng ồn và tăng cường chất lượng âm thanh khi thực hiện cuộc gọi video hoặc ghi âm khi tham gia các cuộc họp, học trực tuyến hoặc giao tiếp qua video với gia đình, bạn bè.
Detail: 
Detail: MacBook Air 15 inch M2 2023 là sự kết hợp hoàn hảo giữa hiệu suất vượt trội, thiết kế tinh tế và màn hình sắc nét. Chiếc laptop này không chỉ là một công cụ làm việc hiệu quả mà còn là một người bạn đồng hành đáng tin cậy trong mọi hành trình của bạn.
","Công nghệ CPU:: Apple M2 - Hãng không công bố
Số nhân:: 8
Số luồng:: Hãng không công bố
Tốc độ CPU:: 100GB/s
Tốc độ tối đa:: Hãng không công bố
Bộ nhớ đệm:: Hãng không công bố
","RAM:: 8 GB
Loại RAM:: Hãng không công bố
Tốc độ Bus RAM:: Hãng không công bố
Hỗ trợ RAM tối đa:: Không hỗ trợ nâng cấp
","Ổ cứng:: 256 GB SSD
",Card tích hợp - 10 nhân GPU,"15.3""",Lên đến 18 giờ,Liquid Retina,"MagSafe 3
Jack tai nghe 3.5 mm
2 x Thunderbolt / USB 4 (hỗ trợ DisplayPort, Thunderbolt 3 (up to 40Gb/s), USB 4 (up to 40Gb/s))",macOS,"https://cdn.tgdd.vn/Products/Images/44/322939/Slider/macbook-air-15-inch-m3-2024-70w638465322530113581-1020x570.jpg và
https://cdn.tgdd.vn/Products/Images/44/322939/macbook-air-15-inch-m2-2023-70w-1-3-750x500.jpg và
https://cdn.tgdd.vn/Products/Images/44/322939/macbook-air-15-inch-m2-2023-70w-2-3-750x500.jpg và
https://cdn.tgdd.vn/Products/Images/44/322939/macbook-air-15-inch-m2-2023-70w-3-3-750x500.jpg và
https://cdn.tgdd.vn/Products/Images/44/322939/macbook-air-15-inch-m2-2023-70w-4-3-750x500.jpg và
https://cdn.tgdd.vn/Products/Images/44/322939/macbook-air-15-inch-m2-2023-70w-5-3-750x500.jpg và
https://cdn.tgdd.vn/Products/Images/44/322939/macbook-air-15-inch-m2-2023-70w-6-3-750x500.jpg và
https://cdn.tgdd.vn/Products/Images/44/322939/macbook-air-15-inch-m2-2023-70w-7-3-750x500.jpg và
https://cdn.tgdd.vn/Products/Images/44/322939/macbook-air-15-inch-m2-2023-70w-8-3-750x500.jpg và
https://cdn.tgdd.vn/Products/Images/44/322939/macbook-air-15-inch-m2-2023-70w-9-3-750x500.jpg và
https://cdn.tgdd.vn/Products/Images/44/322939/macbook-air-15-inch-m2-2023-70w-10-3-750x500.jpg và
",https://www.thegioididong.com/laptop/macbook-air-15-inch-m2-2023-70w
Laptop Apple MacBook Pro 14 inch M3 8GB/512GB (MR7J3SA/A),39.990.000₫,38.190.000₫,"Title: MacBook Pro M3 8 GB là một bước tiến đáng kể trong dòng sản phẩm laptop của Apple, nổi bật với sự tập trung tối ưu hóa hiệu suất và đồ họa đỉnh cao. Với con chip M3 mạnh mẽ, sản phẩm này đặt ra một tiêu chuẩn mới cho hiệu năng và thiết kế thanh lịch. Điều này hứa hẹn mang đến trải nghiệm làm việc mượt mà và hiệu quả, đồng hành đỉnh cao cho tất cả tác vụ từ văn phòng, giải trí cho đến đồ họa chuyên nghiệp.
Title: Sức mạnh đỉnh cao thể hiện qua con chip M3 cải tiến
Detail: Mang trong mình chip Apple M3 tân tiến, chiếc MacBook Pro 14 inch M3 2023 không chỉ đại diện cho một sự tiến bộ đáng kể trong vi xử lý máy tính, mà còn thể hiện sự đột phá cùng công nghệ 3 nanometer. CPU 8 lõi gồm 4 lõi hiệu năng cao và 4 lõi tiết kiệm điện, cho khả năng xử lý đa luồng nhanh hơn đáng kể, đem đến một sự kết hợp hoàn hảo giữa hiệu suất và tối ưu năng lượng, hỗ trợ người dùng thực hiện các tác vụ đa nhiệm và thao tác đòi hỏi hiệu năng phải được tối đa hóa.
Detail: CPU M3 được cải thiện đáng kể vượt trội hơn CPU M2 đến 20%, thậm chí còn nhanh hơn CPU M1 đến 35%, đây thật sự là một sự vượt bậc đáng chú ý. Điều này giúp người dùng làm việc với các ứng dụng đòi hỏi tính toán cao cấp, đồ họa một cách mượt mà và hiệu quả.
Detail: 
Detail: MacBook Pro thực sự thống trị trong lĩnh vực đồ họa và kỹ thuật, với khả năng thực hiện trơn tru các tác vụ chỉnh ảnh, thiết kế hay render video trên các ứng dụng đồ họa hàng đầu như Photoshop, Illustrator, Premiere,... Với 10 nhân GPU mạnh mẽ, nó mang đến tốc độ xử lý hiệu suất nhanh hơn so với các con chip trước, vượt trội hơn M2 lên đến 20% và M1 lên đến 65% đây thực sự là một sự đột phá đáng kinh ngạc.
Detail: 
Detail: Hơn nữa, MacBook Pro M3 được trang bị kiến trúc Dynamic Caching, công nghệ Mesh shading và Ray tracing là những tính năng giúp tối ưu hóa hiệu suất đồ họa, cho máy tính hoạt động mượt mà và nhanh chóng hơn bao giờ hết, cung cấp độ chi tiết và hiệu ứng 3D tinh tế và tốc độ dò tia để tạo ra hình ảnh sống động.
Detail: Với bộ nhớ RAM 8 GB, chiếc MacBook có khả năng tiến hành đa nhiệm, cho phép người dùng mở cùng lúc nhiều cửa sổ làm việc, thực hiện các layer đồ họa hoặc làm việc trên các file Excel lớn mà không gặp phải tình trạng giật lag. Hơn nữa, thiết bị còn sở hữu tốc độ đọc và ghi nhanh chóng, thời gian khởi động máy được rút ngắn đáng kể nhờ ổ cứng SSD 512 GB.
Detail: Sự tối ưu hóa của bộ vi xử lý M3 đảm bảo rằng hiệu năng của MacBook Pro không bị ảnh hưởng bất kể bạn sử dụng pin hay cắm sạc. Thời lượng pin cũng rất ấn tượng, khả năng phát video trong 22 giờ liên tục, thiết bị không chỉ đảm bảo rằng bạn có thể làm việc hoặc sáng tạo trong thời gian dài, đáp ứng trọn vẹn nhu cầu pin cho bạn sử dụng cả ngày.
Title: Màn hình Retina trải nghiệm chuẩn sắc nét
Detail: MacBook Pro M3 14 inch thật sự ấn tượng với màn hình Liquid Retina XDR kích thước 14.2 inch, độ phân giải gốc 3024 x 1964 cung cấp nội dung hiển thị mang chất lượng sắc nét, cảm giác nhìn qua màn ảnh rất chân thực và sống động. Apple đã tích hợp công nghệ mini-LED và độ sáng duy trì lên đến 1.000 nits, tỷ lệ tương phản 1.000.000:1 và dải màu P3 Wide, tạo ra màu sắc tươi sáng và trung thực.
Detail: 
Detail: Theo Apple, người dùng có thể trải nghiệm xem nội dung HDR với hình ảnh sắc nét, vùng sáng rực rỡ, màu đen sâu và màu sắc sống động hơn. Khi hiển thị nội dung SDR, màn hình chỉ đạt độ sáng tối đa 600 nits, trong khi nội dung HDR đạt đến con số 1.600 nits, mang lại trải nghiệm hình ảnh độc đáo. True Tone, tính năng được thiết kế để cân bằng trắng màn hình để phù hợp với ánh sáng xung quanh phòng, là một trong những công nghệ đặc trưng của Apple.
Detail: Màn hình của chiếc MacBook Pro 14 inch không chỉ có tần số quét lên đến 120 Hz mà còn được hỗ trợ bởi công nghệ ProMotion tự động điều chỉnh để phù hợp với chuyển động của nội dung, từ việc giải trí với các tựa game, làm đồ họa, đến chỉnh sửa video. Điều này cho phép bạn tùy chỉnh tốc độ làm mới khung hình để tương xứng với từng đoạn phim, tạo ra trải nghiệm tối ưu.
Detail: 
Detail: Chiếc MacBook Pro M3 14 inch được trang bị một hệ thống âm thanh 6 loa, tạo ra một trải nghiệm âm thanh vòm ấn tượng. Sự kết hợp giữa công nghệ Spatial Audio và Dolby Atmos giúp bạn ngập tràn trong thế giới từ mọi góc độ, đắm chìm vào không gian sống động, thưởng thức những bài nhạc yêu thích và những thước phim hành động kịch tính.
Detail: Thêm vào đó, chiếc máy tính này được trang bị 3 microphones để cải thiện chất lượng âm khi bạn thực hiện cuộc gọi điện thoại hoặc tham gia vào các cuộc họp trực tuyến. Điều này đảm bảo rằng bạn sẽ có trải nghiệm thoại tốt nhất và âm thanh rõ ràng khi giao tiếp từ xa.
Detail: 
Title: Đường nét thiết kế lôi cuốn, đẳng cấp thời thượng ở mọi điểm chạm
Detail: Laptop Apple vẫn giữ phong thái sang trọng với lớp vỏ kim loại nguyên khối cứng cáp, các cạnh góc bo tròn tinh tế và chiếc logo táo khuyết huyền thoại nằm giữa máy, tạo nên một nét đẹp đặc trưng, đẳng cấp và thu hút mọi ánh nhìn mỗi khi nó xuất hiện. Khả năng thiết kế này không chỉ mang lại ánh nhìn thẩm mỹ cho người dùng mà còn giúp máy tính trở nên nhẹ nhàng lý tưởng, tạo điều kiện thuận lợi cho di chuyển và sử dụng máy mọi nơi.
Detail: Chiếc laptop có kích thước gọn nhẹ dài 312.6 mm, rộng 221.2 mm, dày 15.5 mm và khối lượng 1.55 kg nhỏ gọn tạo điều kiện thuận lợi cho di chuyển và sử dụng trên đường. Sản phẩm cũng được thiết kế để giảm thiểu tác động đối với môi trường, với 100% vật liệu nhôm tái chế từ vỏ ngoài nam châm đến bo mạch chủ bên trong máy. Điều này thể hiện cam kết của Apple đối với bảo vệ môi trường và sự bền vững trong thiết kế sản phẩm.
Detail: 
Detail: Bàn phím của MacBook Pro M3 14 inch đi kèm với hàng phím chức năng có chiều cao đầy đủ và tích hợp Touch ID bạn có thể mở khóa laptop vô cùng nhanh chóng chỉ với một lần chạm được tích hợp trên nút nguồn. Không những rút ngắn thời gian thao tác đăng nhập mà còn đảm bảo độ an toàn hơn cho dữ liệu bên trong so với loại mật khẩu truyền thống. Laptop còn được trang bị bàn phím với đèn nền trắng hỗ trợ bạn làm việc trong môi trường thiếu sáng tốt hơn.
Detail: 
Detail: Được trang bị các tính năng kết nối bao gồm cổng HDMI kết nối máy tính với màn hình, Jack tai nghe 3.5 mm cho phép bạn kết nối tai nghe hoặc loa ngoài mà không cần sử dụng Bluetooth, MagSafe 3 cổng sạc từ xa độc đáo giúp sạc máy tính một cách nhanh chóng và an toàn, Thunderbolt / USB 4 truyền dữ liệu nhanh chóng cung cấp tốc độ lên đến 40Gb/s, USB 4.
Detail: Bên cạnh đó, việc kết hợp giữa Bluetooth 5.3 và Wi-Fi 6E đảm bảo đường truyền mạng luôn ổn định và nhanh chóng, giúp bạn trải nghiệm kết nối internet và các thiết bị không dây một cách tốt nhất.
Detail: 
Detail: Không những thế, việc sản phẩm này có cho mình thêm nhiều dòng chip M3 khác như MacBook Pro M3 Pro, MacBook Pro M3 Max bạn hoàn toàn yên tâm để lựa chọn phù hợp với nhu cầu của mình.
Title: So sánh MacBook Pro M3 14 inch (8GB/512GB) với MacBook Pro M3 Max 14 inch (36GB/1TB), MacBook Pro M3 Pro 14 inch (18GB/512GB)
Detail: Tiêu chí 
MacBook Pro M3 14 inch (8GB/512GB)
MacBook Pro M3 Pro 14 inch (18GB/512GB)
MacBook Pro M3 Max 14 inch (36GB/1TB)
CPU
 • Apple M3
 • 8 nhân
 • Apple M3 Pro
 • 12 nhân
 •  Apple M3 Max
 • 14 nhân
RAM và Ổ cứng
 • 8 GB 
 • 512 GB SSD
 • 18 GB
 • 512 GB SSD
 • 36 GB
 • 1 TB SSD
Card đồ họa
 • 10 nhân GPU
 • 18 nhân GPU
 • 30 nhân GPU
Khối lượng
 • 1.55 kg
 • 1.61 kg
 • 1.61 kg
Pin
 • Lên đến 22 giờ
 • Lên đến 18 giờ 
 • Lên đến 18 giờ
Công suất bộ sạc
 • 70 W 
 • 70 W
 • 96 W
Title: So sánh MacBook Pro M3 và MacBook Pro M2
Detail: Tiêu chí 
MacBook Pro M3 
MacBook Pro M2
Chip xử lý
 • M3
 • M3 Pro
 • M3 Max 
 (Lên đến 16 nhân) 
 • M2 Pro
 • M2 Max 
 (Lên đến 12 nhân)
Dung lượng
 • Lên đến 8 TB
 • Lên đến 8 TB
Bộ nhớ thống nhất
 • Lên đến 128 GB
 • Lên đến 96 GB
Băng thông bộ nhớ
 • Lên đến 400 GB/s băng thông bộ nhớ
 • 400 GB/s băng thông bộ nhớ
Đồ hoạ
 • Lên đến 40 nhân với dò tia tăng tốc phần cứng
 • Lên đến 38 nhân
Media engine 
 • H.264, ProRes và ProRes RAW được tăng tốc phần cứng
 • Bộ giải mã video
 • Bộ mã hoá video 
 • Bộ mã hoá và giải mã ProRes
 • Bộ giải mã AV1 
 • H.264, ProRes và ProRes RAW được tăng tốc phần cứng
 • Bộ giải mã video
 • Bộ mã hoá video
 • Bộ mã hoá và giải mã ProRes
Neural engine 
 • 16 nhân
 • 16 nhân
Title: Bảng giá MacBook Pro M3
Detail: Các phiên bản MacBook Pro 14 inch M3 2023
Giá bán Quốc Tế
Giá bán tại Thế Giới Di Động
MacBook Pro 14 inch M3 2023 (Chip Apple M3/8GB/512GB)
1.599 USD 
39.990.000₫
MacBook Pro 14 inch M3 2023 (Chip Apple M3/8GB/1TB)
1.799 USD
44.990.000₫
Detail: MacBook Pro 14 inch M3 2023 thực sự đáng chú ý với sự kết hợp hoàn hảo giữa hiệu suất mạnh mẽ từ bộ vi xử lý M3 và màn hình Liquid Retina XDR tuyệt đẹp. Nếu bạn là một chuyên gia trong lĩnh vực đồ họa, thiết kế hoặc cần một máy tính có hiệu suất cao để thực hiện các tác vụ đa nhiệm nặng, thì laptop đồ họa - kỹ thuật này có thể là sự lựa chọn hoàn hảo cho bạn. Đây là một sản phẩm không chỉ đẹp mắt mà còn đáng giá cho công việc và sáng tạo, vượt trội về hiệu năng và cả thiết kế đẳng cấp thời thượng.
","Công nghệ CPU:: Apple M3 - Hãng không công bố
Số nhân:: 8
Số luồng:: Hãng không công bố
Tốc độ CPU:: 100GB/s
Tốc độ tối đa:: Hãng không công bố
Bộ nhớ đệm:: Hãng không công bố
","RAM:: 8 GB
Loại RAM:: Hãng không công bố
Tốc độ Bus RAM:: Hãng không công bố
Hỗ trợ RAM tối đa:: Không hỗ trợ nâng cấp
","Ổ cứng:: 512 GB SSD
",Card tích hợp - 10 nhân GPU,"14.2""",Lên đến 22 giờ,Liquid Retina XDR display (3024 x 1964),"MagSafe 3
Jack tai nghe 3.5 mm
HDMI
2 x Thunderbolt / USB 4 (hỗ trợ DisplayPort, Thunderbolt 3 (up to 40Gb/s), USB 4 (up to 40Gb/s))",macOS Sonoma,"https://cdn.tgdd.vn/Products/Images/44/318228/Slider/vi-vn-macbook-pro-14-inch-m3-2023-slider-0.jpg và
https://cdn.tgdd.vn/Products/Images/44/318228/macbook-pro-14-inch-m3-2023-acv-1-750x500.jpg và
https://cdn.tgdd.vn/Products/Images/44/318228/macbook-pro-14-inch-m3-2023-acv-2-750x500.jpg và
https://cdn.tgdd.vn/Products/Images/44/318228/macbook-pro-14-inch-m3-2023-acv-3-750x500.jpg và
https://cdn.tgdd.vn/Products/Images/44/318228/macbook-pro-14-inch-m3-2023-acv-4-750x500.jpg và
https://cdn.tgdd.vn/Products/Images/44/318228/macbook-pro-14-inch-m3-2023-acv-5-750x500.jpg và
https://cdn.tgdd.vn/Products/Images/44/318228/macbook-pro-14-inch-m3-2023-acv-6-750x500.jpg và
https://cdn.tgdd.vn/Products/Images/44/318228/macbook-pro-14-inch-m3-2023-acv-7-750x500.jpg và
https://cdn.tgdd.vn/Products/Images/44/318228/macbook-pro-14-inch-m3-2023-acv-8-750x500.jpg và
https://cdn.tgdd.vn/Products/Images/44/318228/macbook-pro-14-inch-m3-2023-acv-9-750x500.jpg và
https://cdn.tgdd.vn/Products/Images/44/318228/macbook-pro-14-inch-m3-2023-acv-10-750x500.jpg và
https://cdn.tgdd.vn/Products/Images/44/318228/macbook-pro-14-inch-m3-2023-30-2-750x500.jpg và
",https://www.thegioididong.com/laptop/macbook-pro-14-inch-m3-2023
Laptop Apple MacBook Air 13 inch M2 16GB/256GB/10GPU (Z15W),29.990.000₫,29.090.000₫,"Title: Siêu phẩm Apple MacBook Air 13 inch M2 16GB/256GB đã chính thức trình làng, mang đến một bước tiến vượt bậc về hiệu năng, hứa hẹn khuấy đảo thị trường máy tính xách tay.
Title: Hiệu năng mạnh mẽ từ chip Apple M2
Detail: MacBook Air được trang bị chip Apple M2, mang đến hiệu suất CPU mạnh mẽ hơn 18% so với thế hệ M1 trước đây. Nhờ vậy, bạn có thể hoàn thành mọi tác vụ học tập và làm việc từ cơ bản đến nâng cao một cách mượt mà và nhanh chóng hơn bao giờ hết. Dù là xử lý văn bản, chỉnh sửa ảnh, thiết kế đồ họa, lập trình hay chơi game, máy đều có thể đáp ứng một cách hoàn hảo.
Detail: Với 20 tỷ bóng bán dẫn được sản xuất trên tiến trình 5 nm tiên tiến, MacBook không chỉ mang đến hiệu năng vượt trội mà còn tiết kiệm điện năng đáng kể. Nhờ vậy, bạn có thể thoải mái sử dụng máy trong thời gian dài mà không lo bị gián đoạn bởi tình trạng hết pin.
Detail: Sở hữu 10 nhân GPU mạnh mẽ, giúp bạn xử lý mượt mà mọi tác vụ đồ họa, kỹ thuật chuyên sâu như chỉnh ảnh, thiết kế, render video,... Hiệu suất đồ họa của máy cao hơn 35% so với chip M1, cho phép bạn sáng tạo không ngừng nghỉ mà không lo bị giật lag hay gián đoạn. Dù bạn là nhiếp ảnh gia, nhà thiết kế đồ họa hay chuyên gia chỉnh sửa video đều sẽ là người bạn đồng hành hoàn hảo.
Detail: Ổ cứng SSD 256 GB cung cấp không gian lưu trữ đủ dùng cho mọi nhu cầu công việc và giải trí. Ngoài ra, ổ cứng còn giúp tăng tốc độ khởi động máy và truy cập ứng dụng chỉ trong vài giây, tiết kiệm thời gian cho bạn. Nhờ vậy, bạn có thể tập trung hoàn toàn vào công việc mà không lo bị ảnh hưởng bởi tốc độ khởi động máy chậm chạp.
Detail: Với bộ nhớ RAM 16 GB cho phép bạn làm việc cùng lúc trên nhiều cửa sổ Safari khác nhau mà không lo bị giật lag hay treo máy. Bạn có thể thoải mái mở nhiều ứng dụng cùng lúc để tra cứu thông tin, soạn thảo văn bản, chỉnh sửa ảnh,... mà vẫn đảm bảo hiệu quả công việc.
Title: Thiết kế của tương lai, đẳng cấp
Detail: MacBook Air 13 inch đánh dấu bước ngoặt mới trong ngôn ngữ thiết kế của Apple, mang đến một diện mạo hoàn toàn mới mẻ và đẳng cấp hơn. Vẫn giữ nguyên nét sang trọng, tinh tế với lớp vỏ kim loại nguyên khối được gia công tỉ mỉ, MacBook Air M2 giờ đây sở hữu thiết kế vuông vức tinh tế, toát lên phong thái thời thượng pha lẫn lịch lãm, kiêu kỳ, đại diện cho sự hiện đại và đẳng cấp, khẳng định vị thế dẫn đầu của Apple trong lĩnh vực thiết kế laptop.
Detail: Với khối lượng siêu nhẹ chỉ 1.24 kg trở thành chiếc laptop cao cấp - sang trọng hàng đầu trong phân khúc, mang đến cho bạn sự linh hoạt tối đa trong mọi nhu cầu sử dụng. Dễ dàng cầm nắm bằng một tay hoặc cất gọn vào balo.
Detail: Tính năng bảo mật vân tay tích hợp với phím nguồn của laptop không chỉ giúp bạn mở máy nhanh chóng chỉ bằng một chạm, mà còn củng cố thêm hệ thống bảo mật và quyền riêng tư. Điều này giúp hạn chế tối đa việc bị mất thông tin cá nhân của người dùng.
Detail: Nếu bạn thường xuyên tham gia các cuộc họp trực tuyến, 1080p FaceTime HD camera cùng 3 microphones sẽ hỗ trợ tối đa cho quá trình học tập và làm việc của bạn với chất lượng hình ảnh sắc nét cùng giọng nói được thu âm rõ ràng.
Detail: Ngoài ra, máy còn được trang bị cổng Thunderbolt 3 cho phép bạn truyền tải dữ liệu, hình ảnh và video đến các thiết bị ngoại vi khác một cách nhanh chóng và dễ dàng, jack tai nghe 3.5 mm và sạc nam châm MagSafe đảm bảo sự an toàn khi sạc pin và giúp bạn dễ dàng kết nối sạc mà không cần tìm đúng chiều.
Title: Hình ảnh sống động, sắc nét
Detail: Kích thước màn hình 13.6 inch và độ phân giải Liquid Retina (2560 x 1664) cùng 1 tỷ màu cho khung ảnh siêu sắc nét, sống động và màu sắc chuẩn xác, bạn có thể thực hiện các tác vụ chỉnh sửa hình ảnh và video một cách chính xác và chuyên nghiệp. 
Detail: Với độ sáng 500 nits cho phép bạn sử dụng máy ở điều kiện môi trường nắng gắt mà vẫn nhìn rõ được nội dung hiển thị. Điều này đảm bảo bạn hoàn toàn tự tin khi làm việc hoặc giải trí ngoài trời. Các khung ảnh trên màn hình được tái tạo chân thực nhất dựa trên điều kiện ánh sáng xung quanh nhờ Wide color (P3) và công nghệ True Tone. 
Detail: Hệ thống âm thanh vòm Dolby Atmos, Spatial Audio và 4 loa, MacBook Air M2 mang đến chất âm sống động, âm bass to rõ và độ khuếch đại âm thanh lớn. Bạn có thể hòa mình vào những bản tình ca du dương hoặc thưởng thức các tập phim hành động kịch tính một cách tuyệt vời.
","Công nghệ CPU:: Apple M2
Số nhân:: 8
Số luồng:: Hãng không công bố
Tốc độ CPU:: 100GB/s
Tốc độ tối đa:: Hãng không công bố
Bộ nhớ đệm:: Hãng không công bố
","RAM:: 16 GB
Loại RAM:: Hãng không công bố
Tốc độ Bus RAM:: Hãng không công bố
Hỗ trợ RAM tối đa:: Không hỗ trợ nâng cấp
","Ổ cứng:: 256 GB SSD
",Card tích hợp - 10 nhân GPU,"13.6""",Lên đến 18 giờ,Liquid Retina (2560 x 1664),"MagSafe 3
Jack tai nghe 3.5 mm
2 x Thunderbolt 3",macOS,"https://cdn.tgdd.vn/Products/Images/44/325306/Slider/vi-vn-apple-macbook-air-m2-2022-16gb-256gb-10gpu-slider-1.jpg và
https://cdn.tgdd.vn/Products/Images/44/325306/apple-macbook-air-m2-2022-16gb-256gb-10gpu-1-750x500.jpg và
https://cdn.tgdd.vn/Products/Images/44/325306/apple-macbook-air-m2-2022-16gb-256gb-10gpu-2-750x500.jpg và
https://cdn.tgdd.vn/Products/Images/44/325306/apple-macbook-air-m2-2022-16gb-256gb-10gpu-3-750x500.jpg và
https://cdn.tgdd.vn/Products/Images/44/325306/apple-macbook-air-m2-2022-16gb-256gb-10gpu-4-750x500.jpg và
https://cdn.tgdd.vn/Products/Images/44/325306/apple-macbook-air-m2-2022-16gb-256gb-10gpu-5-750x500.jpg và
https://cdn.tgdd.vn/Products/Images/44/325306/apple-macbook-air-m2-2022-16gb-256gb-10gpu-6-750x500.jpg và
https://cdn.tgdd.vn/Products/Images/44/325306/apple-macbook-air-m2-2022-16gb-256gb-10gpu-7-750x500.jpg và
https://cdn.tgdd.vn/Products/Images/44/325306/apple-macbook-air-m2-2022-16gb-256gb-10gpu-30-750x500.jpg và
",https://www.thegioididong.com/laptop/apple-macbook-air-m2-2022-16gb-256gb-10gpu
Laptop MacBook Pro 14 inch M3 Pro 18GB/512GB,49.990.000₫,49.090.000₫,"Title: Thiết kế thanh lịch cùng hiệu năng vượt bậc là hai yếu tố phải kể đến khi dòng MacBook Pro M3 Pro được ra mắt năm 2023. Sở hữu cho mình bộ xử lý khủng M3 Pro mạnh nhất từ trước đến nay của Apple chắc chắn sẽ là một siêu phẩm hot nhất cuối năm 2023 trong phân khúc laptop đồ họa - kỹ thuật.
Title: Hiệu năng vượt trội cùng chip M3 Pro 
Detail: Chip Apple M3 Pro đại diện cho bước ngoặt trong hiệu năng và khả năng tiết kiệm năng lượng. Với công nghệ sản xuất 3 nm và hơn 37 tỷ bóng bán dẫn, nó cung cấp hiệu suất ưu việt và tuổi thọ pin cao. Chip này kết hợp hoàn hảo giữa CPU đa lõi và GPU mạnh mẽ, đặc biệt được tối ưu hóa cho các công việc đòi hỏi sự vượt trội trong đồ họa, lập trình và sáng tạo. 
Detail: Sở hữu sức mạnh siêu khủng của chip Apple silicon với 11 nhân CPU cung cấp một hiệu năng đáng kể cho các tác vụ đa luồng và công việc đòi hỏi xử lý nhanh. Đặc biệt hữu ích cho lập trình viên, những người làm việc với ứng dụng đòi hỏi cao như làm video, kỹ thuật đồ họa, các nhiệm vụ liên quan đến công nghiệp sáng tạo.
Detail: Bên cạnh đó, GPU cũng mang tính năng kết xuất mới với 14 nhân vượt trội hơn nữa, đặc biệt là cho các tác vụ phức tạp. Hỗ trợ xử lý các ứng dụng đồ họa chuyên nghiệp nhà Adobe đến các công việc biên tập video và phân tích dữ liệu thậm chí cả việc làm máy học.
Detail: 
Detail: MacBook trang bị RAM 18 GB rộng rãi bạn hoàn toàn có thể xử lý nhiều tác vụ cùng lúc một cách mượt mà. Nó giúp tăng cường hiệu năng và khả năng đa nhiệm của máy tính, đặc biệt trong các tác vụ đòi hỏi nhiều bộ nhớ như xử lý hình ảnh, render video và công việc đồ họa. Ngoài ra, băng thông bộ nhớ 150 GB/s đảm bảo rằng laptop có thể đáp ứng tốt cho các ứng dụng đòi hỏi cao về hiệu năng và khả năng giải quyết dữ liệu lớn.
Detail: Dung lượng lưu trữ 512 GB cho bạn không gian đủ lớn để lưu trữ dự án, tệp tin cá nhân và ứng dụng. Đồng thời, ổ cứng SSD cung cấp tốc độ đọc, ghi dữ liệu nhanh hơn so với ổ cứng cơ học truyền thống, giúp máy tính khởi động nhanh chóng và ứng dụng chạy mượt mà.
Detail: 
Detail: Macbook Pro M3 mang thời lượng pin 18 giờ là một con số ấn tượng và hứa hẹn cho hiệu suất pin cao trên thiết bị của bạn. Thời lượng lâu đến vậy có nghĩa rằng bạn có thể sử dụng máy tính trong một khoảng thời gian dài mà không cần sạc lại.
Title: Sự đỉnh cao của màn hình Retina
Detail: Sản phẩm trang bị màn hình 14.2 inch cùng độ phân giải Liquid Retina XDR display (3024 x 1964) với khả năng hiển thị độ sáng liên tục 1000 nits cho XDR và độ sáng tối đa lên đến 1600 nits cho nội dung HDR, nó mang đến một trải nghiệm xem ảnh và video tuyệt vời. Tỷ lệ tương phản cao giữa ánh sáng và bóng tối làm cho mọi hình ảnh trong tầm mắt trở nên sắc nét và sống động hơn bao giờ hết.
Detail: Màn hình Liquid Retina XDR cũng xuất sắc trong việc tái hiển thị màu bởi công nghệ Wide color và 1 tỷ màu sắc. Nó đem lại cho bạn gam màu sống động, chính xác và tươi sáng giúp nội dung trở nên chân thực và cuốn hút.
Detail: 
Detail: True Tone Technology và tần số làm mới 120 Hz là hai tính năng quan trọng của màn hình trên các thiết bị Apple, giúp cải thiện chất lượng hiển thị của người dùng, tự động điều chỉnh màu sắc và ánh sáng dựa trên môi trường xung quanh và tốc độ màn hình cũng được cập nhật mỗi giây.
Detail: Dòng máy MacBook Pro M3 tiếp tục đưa đến trải nghiệm âm thanh đỉnh cao với công nghệ Spatial Audio và Dolby Atmos. Nhờ vào những tính năng này, người dùng sẽ được cuốn hút bởi hiệu ứng âm tinh tế, mang đến không gian giải trí và sáng tạo tuyệt vời. Cùng hệ thống 6 loa đi kèm tạo ra âm thanh phong phú và sống động đánh bại mọi giới hạn trong việc mang đến sự ấn tượng trên dòng máy MacBook Pro M3.
Detail: 
Title: Thiết kế sang trọng và sự mạnh mẽ trong tầm tay 
Detail: Sản phẩm MacBook Pro không chỉ vượt trội về hiệu năng và thiết kế. Với việc sử dụng đặc chế từ 100% nhôm tái chế, máy tính này đã trở nên cực kỳ bền bỉ không chỉ mạnh mẽ mà còn thân thiện với môi trường. Ngoài ra, việc sử dụng 100% sợi gỗ tái chế hoặc từ các nguồn có quản lý bền vững trong bao bì đóng gói cũng là một phần cam kết của Apple đối với bảo vệ môi trường.
Detail: MacBook Pro 14 inch có khối lượng siêu nhẹ 1.61 kg và độ mỏng chỉ 15.5 mm là sự lựa chọn tuyệt vời. MacBook cho phép bạn dễ dàng di chuyển mọi nơi mà không hề gặp bất kỳ cản trở nào. Bàn phím được phủ hoàn toàn bằng tông màu đen tạo nên một diện mạo thời thượng và trang nhã. Đèn nền bàn phím đơn sắc trắng giúp bạn làm việc hiệu quả trong điều kiện thiếu ánh sáng và tạo ra một trải nghiệm làm việc tối ưu.
Detail: 
Detail: Hệ thống Touch ID tích hợp trên bàn phím cho phép bạn mở khóa máy tính, xác thực tài khoản và thực hiện các giao dịch một cách an toàn bằng dấu vân tay, loại bỏ nhu cầu nhập mật khẩu mỗi khi cần truy cập máy tính hoặc xác minh thông tin. Điều này cung cấp sự tiện lợi và bảo mật cho người dùng.
Detail: 
Detail: Một điểm đặc biệt của chiếc MacBook Pro với dòng chip M3 Pro cho phép bạn kết nối với 2 màn hình ngoài mở rộng không gian làm việc và giải trí. 
Detail: Với sự kết hợp của những cổng kết nối này, MacBook Pro cung cấp khả năng linh hoạt trong việc kết nối với nhiều thiết bị ngoại vi và trải nghiệm đa phương tiện đa dạng như sở hữu cổng Thunderbolt 4 cho tốc độ truyền dữ liệu lên đến 40 Gb/s, USB 4, Jack tai nghe 3.5 mm, MagSafe 3 được sử dụng cho việc sạc máy tính một cách an toàn và tiết kiệm thời gian, cuối cùng là cổng HDMI.
Detail: 
Detail: Nhờ vào sự tối ưu hóa và tính năng mới của macOS Sonoma, người dùng có thể tận hưởng hiệu suất và trải nghiệm chất lượng cao trên máy tính Mac của họ, đặc biệt là khi đang làm việc chuyên nghiệp hoặc thưởng thức các tựa game đòi hỏi hiệu năng cao.
Title: So sánh thông số kỹ thuật MacBook Pro 14 inch M3 Pro 2023 và MacBook Pro 2023 M3 series
Detail: Tiêu chí 
MacBook Pro 14 inch M3 Pro 2023
MacBook Pro 14 inch M3 2023
MacBook Pro 16 inch M3 Pro 
MacBook Pro 16 inch M3 Max 2023
Màn hình
 • Màn hình Liquid Retina XDR
 • Công nghệ True Tone
 • Công nghệ Promotion
 • Độ sáng SDR: tối đa 600 nits
 • Độ phân giải: 3024 x 1964 pixel
  • Màn hình Liquid Retina XDR
 • Công nghệ True Tone
 • Công nghệ Promotion
 • Độ sáng SDR: tối đa 600 nits
 • Độ phân giải: 3024 x 1964 pixel
 • Màn hình Liquid Retina XDR
 • Công nghệ True Tone
 • Công nghệ Promotion
 • Độ sáng SDR: tối đa 600 nits
 • Độ phân giải: 3456 x 2234 pixel
• Màn hình Liquid Retina XDR
 • Công nghệ True Tone
 • Công nghệ Promotion
 • Độ sáng SDR: tối đa 600 nits
 • Độ phân giải: 3456 x 2234 pixel
Kích thước (Cao x Rộng x Dài)
 • 15.5 x 312.6 x 221.2 mm
  • 15.5 x 312.6 x 221.2 mm
  • 16.8 x 355.7 x 248.1 mm
  • 16.8 x 355.7 x 248.1 mm 
Khối lượng
 • 1.61 kg
 • 1.55 kg
 • 2.14 kg
 • 2.16 kg
Bộ xử lý 
 • Chip Apple M3 Pro
 • Chip Apple M3
 • Chip Apple M3 Pro
 • Chip Apple M3 Max
CPU
 • 12 lõi 
 • 8 lõi 
 • 12 lõi
 • 16 lõi 
GPU
 • 18 lõi
 • 10 lõi
 • 18 lõi 
 • 40 lõi (M3 Max)
Camera
 • Camera FaceTime HD 1080p 
 • Camera FaceTime HD 1080p 
 • Camera FaceTime HD 1080p 
 • Camera FaceTime HD 1080p  
Bàn phím 
 • Bàn phím Magic Keyboard (đèn nền)
 • Touch ID
 • Bàn phím Magic Keyboard (đèn nền)
 • Touch ID
 • Bàn phím Magic Keyboard (đèn nền)
 • Touch ID
 • Bàn phím Magic Keyboard (đèn nền)
 • Touch ID
Kết nối không dây 
 •  Wi-Fi 6E
 • Bluetooth 5.3
 •  Wi-Fi 6E
 • Bluetooth 5.3
 •  Wi-Fi 6E
 • Bluetooth 5.3
 •  Wi-Fi 6E
 • Bluetooth 5.3
Cổng kết nối  • Ba cổng Thunderbolt 4 (USB-C)
 • Cổng HDMI
 • Khe thẻ nhớ SDXC
 • Hai cổng Thunderbolt 4 (USB-C)
 • Cổng HDMI
 • Khe thẻ nhớ SDXC
 • Ba cổng Thunderbolt 4 (USB-C)
 • Cổng HDMI
 • Khe thẻ nhớ SDXC
 • Ba cổng Thunderbolt 4 (USB-C)
 • Cổng HDMI
 • Khe thẻ nhớ SDXC
Thời lượng pin
 • Lên đến 18 giờ 
 • Lên đến 22 giờ 
 • Lên đến 22 giờ 
 • Lên đến 22 giờ 
Title: So sánh MacBook Pro 14 inch M3 Pro 2023 và MacBook Pro 14 inch M2 Pro 2023
Detail: Tiêu chí 
MacBook Pro 14 inch M3 Pro 2023
MacBook Pro 14 inch M2 Pro 2023
Màn hình
 • Màn hình Liquid Retina XDR
 • Độ sáng SDR: tối đa 600 nits
 • Độ phân giải: 3024 x 1964 pixel
• Màn hình Liquid Retina XDR
 • Độ sáng SDR: tối đa 500 nits
 • Độ phân giải: 3024 x 1964 pixel
Kích thước (Cao x Rộng x Dài)
 • 15.5 x 312.6 x 221.2 mm
 • 15.5 x 312.6 x 221.2 mm
Khối lượng
 • 1.61 kg
 • 1.60 kg
Bộ xử lý 
 • Chip Apple M3 Pro
 • Chip Apple M2 Pro
CPU
 • 12 lõi 
 • 12 lõi
GPU
 • 18 lõi
 • 19 lõi
RAM
 • 18 GB
• 16 GB
Camera
 • Camera FaceTime HD 1080p 
 • Camera FaceTime HD 1080p 
Bàn phím 
 • Bàn phím Magic Keyboard (đèn nền)
 • Touch ID
 • Bàn phím Magic Keyboard (đèn nền)
 • Touch ID
Kết nối không dây 
 •  Wi-Fi 6E
 • Bluetooth 5.3
 •  Wi-Fi 6E
 • Bluetooth 5.3
Cổng kết nối
 • Ba cổng Thunderbolt 4 (USB-C)
 • Cổng HDMI
 • Khe thẻ nhớ SDXC
 • Ba cổng Thunderbolt 4 (USB-C)
 • Cổng HDMI
 • Khe thẻ nhớ SDXC
Thời lượng pin
 • Lên đến 18 giờ 
 • Lên đến 18 giờ 
Title: Bảng giá MacBook Pro M3 Pro
Detail: Các phiên bản MacBook Pro 14 inch M3 2023
Giá bán Quốc Tế
Giá bán tại Thế Giới Di Động
MacBook Pro 14 inch M3 Pro 2023 (Chip Apple M3 Pro/12-core CPU/18GB/1TB)
2.399 USD
59.999.000đ
MacBook Pro 14 inch M3 Pro 2023 (Chip Apple M3 Pro/11-core CPU/18GB/512GB)
1.999 USD
49.990.000₫
MacBook Pro 16 inch M3 Pro 2023 (Chip Apple M3 Pro/12-core CPU/18GB/512GB
2.499 USD
64.990.000₫
MacBook Pro 16 inch M3 Pro 2023 (Chip Apple M3 Pro/12-core CPU/36GB/512GB
2.899 USD
74.990.000₫
Detail: Với những tính năng và hiệu năng vượt trội, Apple MacBook Pro 14 inch M3 Pro 2023 với dòng chip M3 chắc chắn sẽ là một sản phẩm đáng chú ý trong thế giới laptop, đáp ứng mọi nhu cầu của người dùng và đánh bại mọi thách thức công nghệ. Không những thế, người dùng có thể tham khảo chip M3 khác qua sản phẩm MacBook Pro M3 Max để sở hữu cho mình hiệu năng vượt trội nhất của sản phẩm này.
","Công nghệ CPU:: Apple M3 Pro - Hãng không công bố
Số nhân:: 11
Số luồng:: Hãng không công bố
Tốc độ CPU:: 150 GB/s memory bandwidth
Tốc độ tối đa:: Hãng không công bố
Bộ nhớ đệm:: Hãng không công bố
","RAM:: 18 GB
Loại RAM:: Hãng không công bố
Tốc độ Bus RAM:: Hãng không công bố
Hỗ trợ RAM tối đa:: Không hỗ trợ nâng cấp
","Ổ cứng:: 512 GB SSD
",Card tích hợp - 14 nhân GPU,"14.2""",Lên đến 18 giờ,Liquid Retina XDR display (3024 x 1964),"MagSafe 3
Jack tai nghe 3.5 mm
HDMI
3 x Thunderbolt 4 ( hỗ trợ DisplayPort, Thunderbolt 4 (up to 40Gb/s), USB 4 (up to 40Gb/s))",macOS Sonoma,"https://cdn.tgdd.vn/Products/Images/44/318230/Slider/apple-macbook-pro-14-inch-m3-pro-2023-slider-0-1020x570.jpg và
https://cdn.tgdd.vn/Products/Images/44/318230/apple-macbook-pro-14-inch-m3-pro-2023-azc-1-750x500.jpg và
https://cdn.tgdd.vn/Products/Images/44/318230/apple-macbook-pro-14-inch-m3-pro-2023-azc-2-750x500.jpg và
https://cdn.tgdd.vn/Products/Images/44/318230/apple-macbook-pro-14-inch-m3-pro-2023-azc-3-750x500.jpg và
https://cdn.tgdd.vn/Products/Images/44/318230/apple-macbook-pro-14-inch-m3-pro-2023-azc-4-750x500.jpg và
https://cdn.tgdd.vn/Products/Images/44/318230/apple-macbook-pro-14-inch-m3-pro-2023-azc-5-750x500.jpg và
https://cdn.tgdd.vn/Products/Images/44/318230/apple-macbook-pro-14-inch-m3-pro-2023-azc-6-750x500.jpg và
https://cdn.tgdd.vn/Products/Images/44/318230/apple-macbook-pro-14-inch-m3-pro-2023-azc-7-750x500.jpg và
https://cdn.tgdd.vn/Products/Images/44/318230/apple-macbook-pro-14-inch-m3-pro-2023-azc-8-750x500.jpg và
https://cdn.tgdd.vn/Products/Images/44/318230/apple-macbook-pro-14-inch-m3-pro-2023-azc-9-750x500.jpg và
https://cdn.tgdd.vn/Products/Images/44/318230/apple-macbook-pro-14-inch-m3-pro-2023-azc-10-750x500.jpg và
https://cdn.tgdd.vn/Products/Images/44/318230/apple-macbook-pro-14-inch-m3-pro-2023-30-750x500.jpg và
",https://www.thegioididong.com/laptop/apple-macbook-pro-14-inch-m3-pro-2023
Laptop Apple MacBook Air 15 inch M3 8GB/512GB (MRYT3SA/A),37.990.000₫,36.390.000₫,"Title: Đạt được sự cân bằng tuyệt vời về mặt thiết kế gọn nhẹ, cao cấp, cùng hiệu năng mạnh mẽ cho một chế độ làm việc thông minh, luôn là những tiêu chí được giới iFan săn đón ở dòng Macbook Air M3 nhà Táo. Phiên bản MacBook Air M3 15 inch 512GB quay trở lại năm 2024 với cải tiến tuyệt vời từ con chip M3 chắc chắn sẽ không làm người dùng thất vọng.
Title: Apple M3 khẳng định vị thế trong ngành chip
Detail: Được nhận định là không có quá nhiều điểm cải tiến về mặt bên ngoài và cả bên trong nhưng những gì con chip M3 thế hệ mới mang lại chắc chắn sẽ làm nhiều anh em bất ngờ. Chip Apple M3 mới được sản xuất trên tiến trình 3 nm nhỏ gọn hơn, với 8 nhân CPU được đánh giá nhanh hơn đến 60% so với phiên bản chip M1, việc nắm bắt hay xử lý các công việc soạn thảo, tính toán, đồ hoạ vận dụng đều hoàn toàn nằm trong khả năng.
Detail: 
Detail: Đặc biệt với phiên bản chip mới lần này, các nhân xử lý công nghệ AI (Neural Engine) chạy nhanh và tiết kiệm điện hơn, nâng tổng lượng thời gian sử dụng pin lên đến 18 tiếng liên tục. Tích hợp một số tính năng AI như tracking hình ảnh để cải thiện đồ hoạ, công nghệ trợ năng liên kết mạnh mẽ với hệ sinh thái của hãng, giảm bớt đi công sức trong nhiều tác vụ khác nhau.
Detail: Hiệu quả trong xử lý các tác vụ đồ họa hay thiết kế với card tích hợp 10 nhân GPU, hiệu suất xử lý hình ảnh, render đồ hoạ hay các ứng dụng phát video liên quan đều được cải tiến hơn rất nhiều so với các thế hệ tiền nhiệm, đạt được chế độ làm việc thật thuận lợi đều không thành vấn đề.
Detail: 
Detail: Khả năng đa nhiệm trơn tru đến từ bộ nhớ RAM 8 GB giúp người dùng dễ dàng thu phóng, dịch chuyển hay thao tác qua lại giữa nhiều phần mềm khác nhau. Ổ cứng SSD 512 GB cho khả năng lưu trữ ấn tượng với hầu hết các nhu cầu bạn cần.
Detail: Luôn tìm kiếm được chính xác công cụ bạn cần với macOS, kho ứng dụng khổng lồ luôn cập nhật mới nhất. Đồng thời, độ bảo mật thông tin, tài liệu và dữ liệu riêng tư cũng sẽ luôn an toàn với hệ điều hành này.
Detail: 
Title: Khung hình Retina 15 inch rực rỡ
Detail: Với bản update mới nhất từ năm ngoái thì dòng Air của MacBook đã được sở hữu khung hình 15.3 inch rộng thoải mái, màn hình với mức phân giải Liquid Retina (2880 x 1864), dải màu rộng P3 cùng mức hiển thị tối ưu đến 1 tỷ màu không chỉ giúp bạn nắm trọn mọi khoảnh khắc giải trí ấn tượng, mà còn đem đến cực nhiều lợi ích về tính chính xác của sắc độ hình ảnh trong việc tinh chỉnh đồ hoạ.
Detail: Tự tin sử dụng máy ở bất cứ môi trường nào từ trong phòng đến ngoài trời với độ sáng tối đa 500 nits cùng True Tone Technology, tương thích nhanh chóng với điều kiện sáng tự nhiên và tự động tăng giảm cường độ sáng phù hợp với mắt người dùng.
Detail: 
Detail: Hệ thống gồm 6 loa tuyến tính hiện đại được tích hợp với các công nghệ Spatial Audio và Dolby Atmos mang đến cho chiếc MacBook này khả năng khuếch tán chất âm tuyệt vời, âm thanh với hiệu ứng đa chiều như bao phủ không gian mỗi khi bạn giải trí phim ảnh hay âm nhạc.
Detail: 
Title: Hoà cùng nhịp sống và làm việc thông minh
Detail: Bản thiết kế của Macbook Air cho năm ngoái đã quá hoàn hảo và được duy trì cho mẫu năm nay, khung màn hình tràn viền với tai thỏ độc đáo, độ mỏng nhẹ ấn tượng so với chiếc laptop 15 inch cùng bộ 4 phối màu cá tính.
Detail: Độ mỏng 11.5 mm cùng khối lượng 1.51 kg cảm tưởng như bạn chưa hề mang theo bất cứ thiết bị nào bên mình. Magic KeyBoard kích thước tiêu chuẩn, bề mặt phím nhẵn cùng độ cao chuẩn chỉ để tạo cảm giác thật êm ái khi gõ. Hơn nữa, hệ thống đèn nền bàn phím có thể tinh chỉnh được độ sáng tuỳ vào bối cảnh sử dụng.
Detail: 
Detail: Các cổng kết nối bao gồm Jack 3.5 mm, Thunderbolt 3 / USB 4 và sạc nam châm MagSafe 3 cho quá trình truyền tải dữ liệu nhanh hơn với tốc độ lên đến 40 Gbps, đồng thời hỗ trợ sạc pin nhanh cho máy.
Detail: 
Detail: Đăng nhập tiện lợi, nhanh chóng với cảm biến vân tay được tích hợp, thông tin và hình ảnh của người dùng cũng được đảm bảo an toàn và bảo mật.
Detail: 
Detail: Sự nâng cấp đáng kể cho hiệu năng với chiếc MacBook Air 15 inch M3 2024 10-core GPU vốn đã rất được ưa chuộng bởi vẻ ngoài thông minh, cao cấp cùng tính ứng dụng cao trong công việc chắc chắn sẽ gây sốt thị trường công nghệ trong thời gian sắp tới trong phân khúc laptop cao cấp - sang trọng.
","Công nghệ CPU:: Apple M3 - Hãng không công bố
Số nhân:: 8
Số luồng:: Hãng không công bố
Tốc độ CPU:: 100GB/s
Tốc độ tối đa:: Hãng không công bố
Bộ nhớ đệm:: Hãng không công bố
","RAM:: 8 GB
Loại RAM:: Hãng không công bố
Tốc độ Bus RAM:: Hãng không công bố
Hỗ trợ RAM tối đa:: Không hỗ trợ nâng cấp
","Ổ cứng:: 512 GB SSD
",Card tích hợp - 10 nhân GPU,"15.3""",Lên đến 18 giờ,Liquid Retina,"MagSafe 3
Jack tai nghe 3.5 mm
2 x Thunderbolt 3 / USB 4 (lên đến 40 Gb/s)",macOS Sonoma,"https://cdn.tgdd.vn/Products/Images/44/322635/Slider/vi-vn-macbook-air-15-inch-m3-2024-512gb-slider-1.jpg và
https://cdn.tgdd.vn/Products/Images/44/322635/macbook-air-15-inch-m3-2024-1-2-750x500.jpg và
https://cdn.tgdd.vn/Products/Images/44/322635/macbook-air-15-inch-m3-2024-2-2-750x500.jpg và
https://cdn.tgdd.vn/Products/Images/44/322635/macbook-air-15-inch-m3-2024-3-2-750x500.jpg và
https://cdn.tgdd.vn/Products/Images/44/322635/macbook-air-15-inch-m3-2024-4-2-750x500.jpg và
https://cdn.tgdd.vn/Products/Images/44/322635/macbook-air-15-inch-m3-2024-5-2-750x500.jpg và
https://cdn.tgdd.vn/Products/Images/44/322635/macbook-air-15-inch-m3-2024-6-2-750x500.jpg và
https://cdn.tgdd.vn/Products/Images/44/322635/macbook-air-15-inch-m3-2024-7-2-750x500.jpg và
https://cdn.tgdd.vn/Products/Images/44/322635/apple-macbook-glr-30-2-750x500.jpg và
",https://www.thegioididong.com/laptop/macbook-air-15-inch-m3-2024-512gb
Laptop Apple MacBook Pro 16 inch M3 Pro 18GB/512GB,64.990.000₫,64.490.000₫,"Title: Được trang bị bộ vi xử lý M3 Pro mạnh mẽ nhất từ trước đến nay của Apple, MacBook Pro M3 Pro 16 inch không chỉ đáp ứng mọi yêu cầu của người dùng tác vụ từ văn phòng, giải trí cho đến đồ họa chuyên nghiệp mà còn tạo nên một làn gió mới trong thế giới công nghệ. Sự kết hợp giữa thiết kế thanh lịch với hiệu năng vượt trội không chỉ là một xu hướng mà còn là sự thực hiện đẳng cấp khi lần đầu ra mắt, hứa hẹn góp mặt trong danh sách ""siêu phẩm"" laptop đồ họa - kỹ thuật hot nhất cuối năm 2023.
Title: Khả năng xử lý đỉnh cao nhờ con chip tân tiến M3 Pro
Detail: Chip Apple M3 Pro mở ra một kỷ nguyên mới với hiệu suất vượt trội và tiết kiệm năng lượng đáng kể. Được sản xuất với công nghệ tiên tiến 3nm và hơn 37 tỷ bóng bán dẫn, con chip này cung cấp sức mạnh vượt trội và tuổi thọ pin đáng kinh ngạc. Chip đặc biệt hoàn thiện với sự kết hợp giữa CPU đa lõi và GPU mạnh mẽ, giúp người dùng thực hiện các tác vụ đa nhiệm và các hoạt động đòi hỏi hiệu năng tối đa một cách dễ dàng.
Detail: Sức mạnh phi thường của chip Apple Silicon với 12 nhân CPU mang lại hiệu năng đáng kể cho xử lý đa nhiệm và các công việc đòi hỏi tốc độ cao, đặc biệt quan trọng đối với lập trình viên và những người làm việc đòi hỏi cao như biên tập video, thiết kế đồ họa và các công việc liên quan đến nhiều ứng dụng phức tạp.
Detail: Hiệu suất xử lý hình ảnh được gia tăng đáng kinh ngạc giúp chinh phục các công việc đồ họa trên Adobe Premiere, Illustrator, AutoCAD,... từ chỉnh sửa hình ảnh, render video đến thiết kế 2D, 3D chuyên nghiệp một cách ấn tượng nhờ sự hỗ trợ của 18 nhân GPU mạnh mẽ. 
Detail: 
Detail: Bộ nhớ RAM 18 GB mang đến khả năng đa nhiệm mượt mà, vượt xa mong đợi. Người dùng có thể xử lý công việc trên nhiều trình duyệt Safari cùng lúc hoặc thực hiện việc chỉnh sửa đồ họa trong khi nghe nhạc trên Spotify một cách trôi chảy, hạn chế tối đa hiện tượng lag hoặc đơ máy. Băng thông bộ nhớ 150 GB/s đảm bảo khả năng xử lý dữ liệu lớn và tốc độ hiệu quả cho các ứng dụng đòi hỏi hiệu năng cao.
Detail: Không gian lưu trữ ấn tượng cho các tác phẩm cá nhân đặc sắc, bộ sưu tập phim yêu thích và ứng dụng cần thiết là điểm mạnh của MacBook Pro với ổ cứng 512 GB SSD. Điều này không chỉ giúp gia tăng tốc độ đọc và ghi dữ liệu mà còn cải thiện hiệu suất làm việc tức thì, cho phép bạn khởi động máy chỉ trong vài giây.
Detail: 
Detail: Macbook Pro M3 với thời lượng pin lên đến 22 giờ là một dấu mốc ấn tượng, không chỉ đảm bảo rằng bạn có thể làm việc hoặc sáng tạo trong thời gian dài, mà còn chắc chắn rằng thiết bị cung cấp nhu cầu về thời lượng pin suốt cả ngày.
Detail: Với sự tối ưu hóa và các tính năng mới của macOS Sonoma, người dùng có thể trải nghiệm hiệu suất và chất lượng cao trên máy tính Mac của họ, đặc biệt là khi họ đang thực hiện các công việc chuyên nghiệp hoặc thưởng thức các tựa game đòi hỏi hiệu năng cao.
Detail: 
Title: Tinh xảo và sang trọng trong mọi ánh nhìn
Detail: Phong cách thiết kế của MacBook vẫn đứng đầu với lớp vỏ nhôm cứng cáp, đường nét vuông vức và logo trái táo đặc trưng. Điều này tạo nên tổng thể đơn giản nhưng cực kỳ tinh xảo và thời trang, khiến bạn luôn ghi điểm tuyệt đối trong mắt mọi người mỗi khi xuất hiện. Sử dụng 100% nhôm tái chế, máy tính này trở nên vô cùng bền bỉ và thân thiện với môi trường. 
Detail: Với khối lượng 2.14 kg và độ mỏng chỉ 16.8 mm, MacBook Pro 16 inch là một sự lựa chọn tuyệt vời cho người dùng thường xuyên di chuyển. Thiết kế siêu mỏng và khối lượng nhẹ giúp bạn dễ dàng mang theo máy tính mọi nơi mà không gặp bất kỳ trở ngại nào.
Detail: 
Detail: Bàn phím của MacBook Pro 16 inch M3 Pro 2023 với tone màu đen sang trọng, đi kèm với hàng phím chức năng có chiều cao đầy đủ và tích hợp Touch ID giúp bạn mở khóa máy tính một cách nhanh chóng chỉ với một lần chạm, cho phép bạn mở khóa máy tính, xác thực tài khoản và thực hiện các giao dịch một cách an toàn bằng bảo mật vân tay. Không chỉ giúp tiết kiệm thời gian đăng nhập, tính năng này còn đảm bảo độ an toàn cao hơn cho dữ liệu bên trong so với việc sử dụng mật khẩu truyền thống. Máy cũng có đèn nền bàn phím cho người dùng làm việc trong môi trường tối tốt hơn.
Detail: 
Detail: Một tính năng đặc biệt của chiếc MacBook Pro với chip M3 Pro là khả năng kết nối với hai màn hình ngoài, tạo ra không gian làm việc và giải trí mở rộng. Các cổng kết nối phổ biến như Jack tai nghe, HDMI, USB 4, và Thunderbolt 4 cho tốc độ truyền dữ liệu lên đến 40 Gb/s. Sạc MagSafe 3 giúp máy sạc pin nhanh hơn với thiết kế gọn gàng và sử dụng cơ chế hút nam châm hiện đại. Ngoài ra, với Bluetooth 5.3 và Wi-Fi 6E, bạn có được đường truyền mạng luôn ổn định và nhanh chóng, giúp bạn trải nghiệm kết nối internet và các thiết bị không dây một cách tốt nhất.
Title: Trải nghiệm đỉnh cao từ màn ảnh đến âm thanh
Detail: Màn hình laptop rộng 16.2 inch với độ phân giải Liquid Retina XDR display (3546 x 2234) không chỉ mang đến độ sáng liên tục lên đến 1000 nits cho XDR, mà còn có khả năng đạt tới độ sáng tối đa 1600 nits cho nội dung HDR, tạo nên một trải nghiệm xem ảnh và video tuyệt vời. Tỷ lệ tương phản cao giữa ánh sáng và bóng tối giúp hình ảnh trở nên sắc nét và sống động hơn bao giờ hết.
Detail: Với 1 tỷ màu đắm chìm, màn hình đưa người dùng vào một không gian hiển thị siêu chân thực, từ những chi tiết tĩnh đến những chuyển động, mang đến trải nghiệm giải trí với những tác phẩm nghệ thuật tuyệt đỉnh, đảm bảo độ chuẩn xác màu sắc khi xử lý các tác vụ đồ họa.
Detail: 
Detail: Chuyển động hình ảnh trở nên trơn tru hơn bao giờ hết nhờ dải màu rộng Wide color (P3) và tần số quét lên đến 120 Hz, giảm thiểu hiện tượng nhòe và xé hình trên máy, tạo ra những trải nghiệm đáng nhớ. Macbook còn được tích hợp công nghệ True Tone cho phép bạn tự động điều chỉnh gam màu trắng để phù hợp với ánh sáng tự nhiên, bảo vệ thị lực của người dùng.
Detail: Dòng máy MacBook Pro M3 Pro tiếp tục đưa đến âm thanh đỉnh cao với công nghệ Spatial Audio và Dolby Atmos. Hệ thống âm thanh hoàn mỹ với chất lượng sống động, to rõ, hiệu ứng âm vòm đáng kinh ngạc khi bạn nghe nhạc hay xem phim thư giãn, tránh được các tình trạng bị méo hay rè tiếng, lan tỏa sự tuyệt hảo đến mọi ngóc ngách căn phòng. Hệ thống 6 loa đi kèm tạo ra không gian âm thanh phong phú và sống động, vượt xa mọi giới hạn trong việc mang đến trải nghiệm ấn tượng trên dòng máy MacBook Pro M3.
Detail: 
Detail: MacBook Pro 16 inch còn được trang bị 3 microphones để cải thiện chất lượng âm thanh khi bạn thực hiện cuộc gọi điện thoại hoặc tham gia vào các cuộc họp trực tuyến. Điều này đảm bảo rằng bạn sẽ có trải nghiệm thoại tốt nhất và âm thanh rõ ràng khi giao tiếp từ xa. Bên cạnh đó, hãng còn cho bạn nhiều sự lựa chọn với mẫu chip M3 khác như MacBook Pro M3 Max nâng cao nhu cầu sử dụng của người dùng.
Title: So sánh MacBook Pro 16 inch M3 Pro 2023 và MacBook Pro M3 2023 series
Detail: Tiêu chí 
MacBook Pro 16 inch M3 Pro 
MacBook Pro 14 inch M3 Pro 2023
MacBook Pro 14 inch M3 2023 MacBook Pro 14 inch M3 Max 2023  MacBook Pro 16 inch M3 Max 2023
Màn hình
 • Màn hình Liquid Retina XDR
 • Công nghệ True Tone
 • Công nghệ Promotion
 • Độ sáng SDR: tối đa 600 nits
 • Độ phân giải: 3456 x 2234 pixels
 • Màn hình Liquid Retina XDR
 • Công nghệ True Tone
 • Công nghệ Promotion
 • Độ sáng SDR: tối đa 600 nits
 • Độ phân giải: 3024 x 1964 pixels
 • Màn hình Liquid Retina XDR
 • Công nghệ True Tone
 • Công nghệ Promotion
 • Độ sáng SDR: tối đa 600 nits
 • Độ phân giải: 3024 x 1964 pixels
 • Màn hình Liquid Retina XDR
 • Công nghệ True Tone
 • Công nghệ Promotion
 • Độ sáng SDR: tối đa 600 nits
 • Độ phân giải: 3024 x 1964 pixels
• Màn hình Liquid Retina XDR
 • Công nghệ True Tone
 • Công nghệ Promotion
 • Độ sáng SDR: tối đa 600 nits
 • Độ phân giải: 3456 x 2234 pixels
Kích thước (Cao x Rộng x Dài)
 • 16.8 x 355.7 x 248.1 mm
 • 15.5 x 312.6 x 221.2 mm
  • 15.5 x 312.6 x 221.2 mm
 • 15.5 x 312.6 x 221.2 mm
 • 16.8 x 355.7 x 248.1 mm 
Khối lượng
 • 2.14 kg
 • 1.61 kg
 • 1.55 kg
 • 1.62 kg
 • 2.16 kg
Bộ xử lý 
 • Chip Apple M3 Pro
 • Chip Apple M3 Pro
 • Chip Apple M3
 • Chip Apple M3 Max
 • Chip Apple M3 Max
CPU
 • 12 lõi 
 • 12 lõi 
 • 8 lõi 
 • 16 lõi
 • 16 lõi 
GPU
 • 18 lõi 
 • 18 lõi
 • 10 lõi
 • 40 lõi 
 • 40 lõi 
Camera
 • Camera FaceTime HD 1080p  
 • Camera FaceTime HD 1080p 
 • Camera FaceTime HD 1080p 
 • Camera FaceTime HD 1080p 
 • Camera FaceTime HD 1080p  
Bàn phím 
 • Bàn phím Magic Keyboard (đèn nền)
 • Touch ID
 • Bàn phím Magic Keyboard (đèn nền)
 • Touch ID
 • Bàn phím Magic Keyboard (đèn nền)
 • Touch ID
 • Bàn phím Magic Keyboard (đèn nền)
 • Touch ID
 • Bàn phím Magic Keyboard (đèn nền)
 • Touch ID
Kết nối không dây 
 •  Wi-Fi 6E
 • Bluetooth 5.3
 •  Wi-Fi 6E
 • Bluetooth 5.3
 •  Wi-Fi 6E
 • Bluetooth 5.3
 •  Wi-Fi 6E
 • Bluetooth 5.3
 •  Wi-Fi 6E
 • Bluetooth 5.3
Cổng kết nối
• Ba cổng Thunderbolt 4 (USB-C)
 • Cổng HDMI
 • Khe thẻ nhớ SDXC
 • Ba cổng Thunderbolt 4 (USB-C)
 • Cổng HDMI
 • Khe thẻ nhớ SDXC
 • Hai cổng Thunderbolt / USB 4 (USB-C)
 • Cổng HDMI
 • Khe thẻ nhớ SDXC
 • Ba cổng Thunderbolt 4 (USB-C)
 • Cổng HDMI
 • Khe thẻ nhớ SDXC
 • Ba cổng Thunderbolt 4 (USB-C)
 • Cổng HDMI
 • Khe thẻ nhớ SDXC
Thời lượng pin
 • Lên đến 22 giờ 
 • Lên đến 18 giờ 
 • Lên đến 22 giờ 
 • Lên đến 18 giờ 
 • Lên đến 22 giờ 
Title: So sánh MacBook Pro 16 inch M3 Pro 2023 và MacBook Pro 16 inch M2 Pro 2023
Detail: Tiêu chí 
MacBook Pro 16 inch M3 Pro 2023
MacBook Pro 16 inch M2 Pro 2023
Màn hình
 • Màn hình Liquid Retina XDR
 • Độ sáng SDR: tối đa 600 nits
 • Độ phân giải: 3456 x 2234 pixels
• Màn hình Liquid Retina XDR
 • Độ sáng SDR: tối đa 500 nits
 • Độ phân giải: 3456 x 2234 pixels
Kích thước (Cao x Rộng x Dài)
 • 16.8 x 355.7 x 248.1 mm
 • 16.8 x 355.7 x 248.1 mm
Khối lượng
 • 2.14 kg
 • 2.15 kg
Bộ xử lý 
 • Chip Apple M3 Pro
 • Chip Apple M2 Pro
CPU
 • 12 lõi 
 • 12 lõi
GPU
 • 18 lõi
 • 19 lõi
Camera
 • Camera FaceTime HD 1080p 
 • Camera FaceTime HD 1080p 
Bàn phím 
 • Bàn phím Magic Keyboard (đèn nền)
 • Touch ID
 • Bàn phím Magic Keyboard (đèn nền)
 • Touch ID
Kết nối không dây 
 •  Wi-Fi 6E
 • Bluetooth 5.3
 •  Wi-Fi 6E
 • Bluetooth 5.3
Cổng kết nối
 • Ba cổng Thunderbolt 4 (USB-C)
 • Cổng HDMI
 • Khe thẻ nhớ SDXC
 • Ba cổng Thunderbolt 4 (USB-C)
 • Cổng HDMI
 • Khe thẻ nhớ SDXC
Thời lượng pin
 • Lên đến 22 giờ 
 • Lên đến 22 giờ 
Title:  Bảng giá MacBook Pro M3 Pro
Detail: Các phiên bản
Giá bán Quốc Tế
Giá bán tại Thế Giới Di Động
MacBook Pro 14 inch M3 Pro 2023 (Chip Apple M3 Pro/12-core CPU/18GB/1TB)
2.399 USD
59.999.000₫
MacBook Pro 14 inch M3 Pro 2023 (Chip Apple M3 Pro/11-core CPU/18GB/512GB)
1.999 USD
49.990.000₫
MacBook Pro 16 inch M3 Pro 2023 (Chip Apple M3 Pro/12-core CPU/18GB/512GB)
2.499 USD
64.990.000₫
MacBook Pro 16 inch M3 Pro 2023 (Chip Apple M3 Pro/12-core CPU/36GB/512GB)
2.899 USD
74.990.000₫
Detail: MacBook Pro 16 inch M3 Pro 2023 một lần nữa củng cố vị thế của mình nhờ thiết kế đẳng cấp, thời thượng cùng sức mạnh bùng nổ từ bộ vi xử lý Apple M3 Pro, đảm bảo không làm người dùng thất vọng. Tất cả những tính năng tiên tiến mà Apple tích hợp vào chiếc máy này đều nhằm phục vụ mục tiêu cao cấp của công việc sáng tạo và thiết kế đồ họa của người dùng.
","Công nghệ CPU:: Apple M3 Pro - Hãng không công bố
Số nhân:: 12
Số luồng:: Hãng không công bố
Tốc độ CPU:: 150 GB/s memory bandwidth
Tốc độ tối đa:: Hãng không công bố
Bộ nhớ đệm:: Hãng không công bố
","RAM:: 18 GB
Loại RAM:: Hãng không công bố
Tốc độ Bus RAM:: Hãng không công bố
Hỗ trợ RAM tối đa:: Không hỗ trợ nâng cấp
","Ổ cứng:: 512 GB SSD
",Card tích hợp - 18 nhân GPU,"16.2""",Lên đến 22 giờ,Liquid Retina XDR display (3456 x 2234),"MagSafe 3
Jack tai nghe 3.5 mm
HDMI
3 x Thunderbolt 4 ( hỗ trợ DisplayPort, Thunderbolt 4 (up to 40Gb/s), USB 4 (up to 40Gb/s))",macOS Sonoma,"https://cdn.tgdd.vn/Products/Images/44/318233/Slider/apple-macbook-pro-16-inch-m3-pro-2023-12-core-slider-0-1020x570.jpg và
https://cdn.tgdd.vn/Products/Images/44/318233/apple-macbook-pro-16-inch-m3-pro-2023-12-core-ab-1-750x500.jpg và
https://cdn.tgdd.vn/Products/Images/44/318233/apple-macbook-pro-16-inch-m3-pro-2023-12-core-ab-2-750x500.jpg và
https://cdn.tgdd.vn/Products/Images/44/318233/apple-macbook-pro-16-inch-m3-pro-2023-12-core-ab-3-750x500.jpg và
https://cdn.tgdd.vn/Products/Images/44/318233/apple-macbook-pro-16-inch-m3-pro-2023-12-core-ab-4-750x500.jpg và
https://cdn.tgdd.vn/Products/Images/44/318233/apple-macbook-pro-16-inch-m3-pro-2023-12-core-ab-5-750x500.jpg và
https://cdn.tgdd.vn/Products/Images/44/318233/apple-macbook-pro-16-inch-m3-pro-2023-12-core-ab-6-750x500.jpg và
https://cdn.tgdd.vn/Products/Images/44/318233/apple-macbook-pro-16-inch-m3-pro-2023-12-core-ab-7-750x500.jpg và
https://cdn.tgdd.vn/Products/Images/44/318233/apple-macbook-pro-16-inch-m3-pro-2023-12-core-ab-8-750x500.jpg và
https://cdn.tgdd.vn/Products/Images/44/318233/apple-macbook-pro-16-inch-m3-pro-2023-12-core-ab-9-750x500.jpg và
https://cdn.tgdd.vn/Products/Images/44/318233/apple-macbook-pro-16-inch-m3-pro-2023-12-core-ab-10-750x500.jpg và
https://cdn.tgdd.vn/Products/Images/44/318233/apple-macbook-pro-16-inch-m3-pro-2023-12-core-30-750x500.jpg và
",https://www.thegioididong.com/laptop/apple-macbook-pro-16-inch-m3-pro-2023-12-core?utm_flashsale=1
