product_name,actual_price,discount_price,description,processor,ram,storage,graphic_card,display_size,battery,resolution,ports,weight,operating_system,image_link,product_link,product_general_img_link
Laptop Samsung Galaxy Chromebook Go XE310XDA N4500/4GB/32GB/ChromeOS,9.990.000₫,7.990.000₫,"Title: Bạn muốn tìm một mẫu laptop cho sinh viên trong học tập, nhân viên văn phòng trong mọi việc hàng ngày có cấu hình ổn định nhưng lại không có mức giá thành quá cao. Laptop Samsung Galaxy Chromebook Go XE310XDA N4500 chắc chắn là sự lựa chọn đáng cân nhắc nhất trong phân khúc. 
Detail: • Chromebook là dòng máy tính xách tay nhỏ gọn, bền bỉ, an toàn với khả năng bảo mật cao, hoạt động trên nền tảng hệ điều hành Google Chrome. Được thiết kế để tối ưu hóa việc sử dụng các dịch vụ đám mây, Chromebook cho phép mọi hoạt động từ lưu trữ tệp tin đến sử dụng ứng dụng đều được thực hiện trực tuyến. Điều này giúp đồng bộ hóa dữ liệu dễ dàng trên mọi thiết bị mà bạn đăng nhập.
Detail: • Cho trẻ tham gia thế giới trực tuyến một cách an toàn với hệ điều hành Chrome OS sự quản lý của phụ huynh, định vị được trẻ khi di chuyển. Ngoài ra, nó còn hỗ trợ một số tính năng thông minh như chỉnh sửa video, viết code, vẽ,...
Detail: • Thiết kế siêu nhẹ, siêu bền với cân nặng chỉ 1.06 kg và vỏ nhựa màu bạc thanh lịch, Galaxy Chromebook Go không chỉ dễ dàng mang theo mà còn thể hiện phong cách hiện đại. Độ bền cao và khả năng chống va đập và cấn móp giúp máy luôn bền bỉ trong khi bỏ trong các không gian hẹp, phù hợp cho cả môi trường văn phòng và những chuyến công tác xa.
Detail: • HD webcam tích hợp sẵn giúp bạn tham gia các cuộc họp trực tuyến qua Google Meet hay học online trên Microsoft Teams mà không cần thêm thiết bị phụ trợ. Galaxy Chromebook Go được trang bị các cổng kết nối thông dụng như: USB Type-C, Jack tai nghe 3.5 mm và USB 3.2 giúp bạn dễ dàng kết nối với các thiết bị ngoại vi và phụ kiện, nâng cao khả năng làm việc và giải trí.
Detail: • Laptop Samsung cũng được trang bị chip Intel Celeron N4500, Galaxy Chromebook Go mang đến hiệu suất đáng tin cậy, cho phép bạn xử lý mượt mà các tác vụ văn phòng như soạn thảo văn bản bằng Microsoft Word, tạo bảng tính trên Excel và trình chiếu PowerPoint. Không chỉ dừng lại ở đó, máy còn đảm bảo trải nghiệm duyệt web bằng Google Chrome, xem phim HD trên Netflix và chỉnh sửa hình ảnh cơ bản với ứng dụng Canva một cách trơn tru.
Detail: • Với dung lượng RAM 4 GB LPDDR4X Onboard, laptop học tập - văn phòng cho phép bạn mở nhiều ứng dụng cùng lúc mà không lo bị đơ hay lag. Điều này giúp tăng cường hiệu suất làm việc và tiết kiệm thời gian đáng kể. Bạn có thể dễ dàng chuyển đổi giữa các tab trên Chrome, làm việc trên Google Docs và kiểm tra email trên Outlook mà không gặp trở ngại nào.
Detail: • Ổ cứng eMMC 32 GB giúp bạn dễ dàng lưu trữ các tệp tin cần thiết. Khi cần thêm dung lượng, bạn có thể mở rộng qua khe cắm micro SD, đảm bảo đủ không gian cho mọi dữ liệu quan trọng.
Detail: • Màn hình laptop kích thước 11.6 inch hiển thị được độ phân giải HD (1366 x 768) được phủ với tấm nền chống chói Anti Glare mang lại hình ảnh rõ nét, sắc sảo từ mọi góc nhìn. Viền màn hình mỏng giúp tối ưu hóa không gian hiển thị, tạo cảm giác rộng rãi và thoải mái khi sử dụng. Màn hình có kích thước nhỏ hơn tạo độ linh động cao trong di chuyển, chỉ cần bật máy và bạn đã có thể sử dụng thật hiệu quả.
","Công nghệ CPU:: Intel Celeron - N4500
Số nhân:: 2
Số luồng:: 2
Tốc độ CPU:: 1.1GHz
Tốc độ tối đa:: Turbo Boost 2.80 GHz
Bộ nhớ đệm:: 4 MB
","RAM:: 4 GB
Loại RAM:: LPDDR4X (Onboard)
Tốc độ Bus RAM:: 2933 MHz
Hỗ trợ RAM tối đa:: Không hỗ trợ nâng cấp
","Ổ cứng:: eMMC 32 GB
",Card tích hợp - Intel UHD Graphics,"11.6""","2 cell Li-ion, 40.2 Wh",HD (1366 x 768),"Jack tai nghe 3.5 mm
1 x USB 3.2
1 x USB Type-C (chỉ hỗ trợ Power Delivery)",1.06 kg,Chrome OS,"https://cdn.tgdd.vn/Products/Images/44/328599/Slider/vi-vn-samsung-galaxy-chromebook-go-xe310xda-n4500-slider-1.jpg và
https://cdnv2.tgdd.vn/mwg-static/tgdd/Products/Images/44/328599/samsung-galaxy-chromebook-go-xe310xda-n4500-glr-1-638618364641044774-750x500.jpg và
https://cdnv2.tgdd.vn/mwg-static/tgdd/Products/Images/44/328599/samsung-galaxy-chromebook-go-xe310xda-n4500-glr-2-638618364646794624-750x500.jpg và
https://cdnv2.tgdd.vn/mwg-static/tgdd/Products/Images/44/328599/samsung-galaxy-chromebook-go-xe310xda-n4500-glr-3-638618364654064766-750x500.jpg và
https://cdnv2.tgdd.vn/mwg-static/tgdd/Products/Images/44/328599/samsung-galaxy-chromebook-go-xe310xda-n4500-glr-4-638618364666006199-750x500.jpg và
https://cdnv2.tgdd.vn/mwg-static/tgdd/Products/Images/44/328599/samsung-galaxy-chromebook-go-xe310xda-n4500-glr-5-638618364672447621-750x500.jpg và
https://cdnv2.tgdd.vn/mwg-static/tgdd/Products/Images/44/328599/samsung-galaxy-chromebook-go-xe310xda-n4500-glr-6-638618364678328606-750x500.jpg và
https://cdnv2.tgdd.vn/mwg-static/tgdd/Products/Images/44/328599/samsung-galaxy-chromebook-go-xe310xda-n4500-glr-7-638618364684978257-750x500.jpg và
https://cdnv2.tgdd.vn/mwg-static/tgdd/Products/Images/44/328599/samsung-galaxy-chromebook-go-xe310xda-n4500-glr-8-638618364694985828-750x500.jpg và
https://cdnv2.tgdd.vn/mwg-static/tgdd/Products/Images/44/328599/samsung-galaxy-chromebook-go-xe310xda-n4500-glr-9-638618364702771214-750x500.jpg và
https://cdnv2.tgdd.vn/mwg-static/tgdd/Products/Images/44/328599/samsung-galaxy-chromebook-go-xe310xda-n4500-glr-10-638618364718897240-750x500.jpg và
https://cdnv2.tgdd.vn/mwg-static/tgdd/Products/Images/44/328599/samsung-galaxy-chromebook-go-xe310xda-n4500-glr-11-638618364726172500-750x500.jpg và
https://cdnv2.tgdd.vn/mwg-static/tgdd/Products/Images/44/328599/samsung-galaxy-chromebook-go-xe310xda-n4500-glr-12-638618364734270815-750x500.jpg và
https://cdnv2.tgdd.vn/mwg-static/tgdd/Products/Images/44/328599/samsung-galaxy-chromebook-go-xe310xda-n4500-glr-13-638618364740795310-750x500.jpg và
https://cdnv2.tgdd.vn/mwg-static/tgdd/Products/Images/44/328599/samsung-galaxy-chromebook-go-xe310xda-n4500-glr-14-638618364748567296-750x500.jpg và
https://cdnv2.tgdd.vn/mwg-static/tgdd/Products/Images/44/328599/samsung-galaxy-chromebook-go-xe310xda-n4500-glr-15-638618364755233434-750x500.jpg và
https://cdnv2.tgdd.vn/mwg-static/tgdd/Products/Images/44/328599/samsung-galaxy-chromebook-go-xe310xda-n4500-glr-16-638618364762677685-750x500.jpg và
https://cdn.tgdd.vn/Products/Images/44/328599/Kit/samsung-galaxy-chromebook-go-xe310xda-n4500-bbh-org.jpg và
",https://www.thegioididong.com/laptop/samsung-galaxy-chromebook-go-xe310xda-n4500,https://cdn.tgdd.vn/Products/Images/44/328599/samsung-galaxy-chromebook-go-xe310xda-n4500-130924-030342-600x600.jpg
Laptop Samsung Galaxy Chromebook Go XE340XDA N4500/4GB/32GB/ChromeOS,11.990.000₫,8.990.000₫,"Title: Bạn đang tìm kiếm một chiếc laptop học tập và văn phòng giúp xử lý hiệu quả mọi tác vụ công việc và giải trí hàng ngày? Hãy cân nhắc đến laptop Samsung Galaxy Chromebook Go XE340XDA N4500, một thiết bị mang lại hiệu năng ổn định, thiết kế tinh tế và mức giá lý tưởng, chắc chắn sẽ đáp ứng đầy đủ nhu cầu của bạn.
Detail: • Chromebook là chiếc máy tính xách tay nhẹ, bền, an toàn, bảo mật tốt, chạy với hệ điều hành Google Chrome - được thiết kế nhằm hoạt động chính trên đám mây. Điều này nghĩa là mọi tính năng từ file, ứng dụng,... đều hoạt động online (không hoạt động cục bộ trong máy tính xách tay của bạn) và nó sẽ đồng bộ hoá ở tất cả thiết bị mà bạn đăng nhập.
Detail: • Với hệ điều hành Chrome OS cho bạn nhiều tính năng thú vị như chỉnh sửa video, học cách viết code hay vẽ nhiều tác phẩm nghệ thuật. Ngoài ra, nó cũng hỗ trợ tạo tài khoản giám sát cho trẻ, định vị trẻ em dù đang ở bất cứ đâu.
Detail: • Galaxy Chromebook Go được trang bị bộ vi xử lý Celeron - N4500, kết hợp cùng đồ họa Intel UHD Graphics, giúp bạn thực hiện trơn tru các tác vụ văn phòng như soạn thảo văn bản, trình chiếu PowerPoint hay tạo bảng tính trên Excel. Ngoài ra, cấu hình cũng cho khả năng xử lý đa nhiệm và các công việc hàng ngày như duyệt web, xem phim và thậm chí chỉnh sửa hình ảnh cơ bản cũng đều được đáp ứng tốt.
Detail: • Với RAM 4 GB LPDDR4X của laptop, bạn có thể mở nhiều tác vụ cùng lúc mà ít gặp hiện tượng đơ hay lag, bổ trợ cho tính làm việc đa nhiệm. Ổ cứng eMMC 32 GB cung cấp không gian lưu trữ ổn định, giúp khởi động máy và truy xuất ứng dụng nhanh hơn. Ngoài ra, bạn có thể mở rộng dung lượng lưu trữ thông qua khe cắm micro SD, đáp ứng nhu cầu lưu trữ cao hơn.
Detail: • Màn hình 14 inch HD (1366 x 768) của Galaxy Chromebook Go sử dụng tấm nền chống chói Anti Glare, mang lại trải nghiệm rõ nét và chi tiết ở nhiều tình huống hiển thị văn bản, xem phim. Kích thước mỏng gọn của các viền màn hình cũng giúp người dùng dễ dàng quan sát và tập trung hơn.
Detail: • Laptop học tập - văn phòng có thiết kế mỏng nhẹ với vỏ nhựa màu bạc thanh lịch, khối lượng chỉ 1.145 kg cực kỳ dễ dàng mang theo đến mọi nơi. Độ bền cao, chống va đập tốt giúp bạn yên tâm sử dụng trong nhiều tình huống khác nhau, từ công việc đến giải trí.
Detail: • Được trang bị HD webcam, Galaxy Chromebook Go giúp bạn dễ dàng tham gia các cuộc họp trực tuyến hay học online mà không cần phải kết nối thêm thiết bị ngoài. Laptop Samsung cũng tích hợp với các cổng kết nối thông dụng như: Jack tai nghe 3.5 mm, USB 3.2, USB Type-C đảm bảo bạn có thể kết nối với nhiều thiết bị cần thiết một cách thuận tiện.
","Công nghệ CPU:: Celeron - N4500
Số nhân:: 2
Số luồng:: 2
Tốc độ CPU:: 1.1GHz
Tốc độ tối đa:: Turbo Boost 2.80 GHz
Bộ nhớ đệm:: 4 MB
","RAM:: 4 GB
Loại RAM:: LPDDR4X (Onboard)
Tốc độ Bus RAM:: 2933 MHz
Hỗ trợ RAM tối đa:: Không hỗ trợ nâng cấp
","Ổ cứng:: eMMC 32 GB
",Card tích hợp - Intel UHD Graphics,"14""","2 cell Li-ion, 42.3 Wh",HD (1366 x 768),"Jack tai nghe 3.5 mm
1 x USB 3.2
2 x USB Type-C",1.145 kg,Chrome OS,"https://cdn.tgdd.vn/Products/Images/44/328598/Slider/vi-vn-samsung-galaxy-chromebook-go-xe340xda-n4500-slider-1.jpg và
https://cdnv2.tgdd.vn/mwg-static/tgdd/Products/Images/44/328598/samsung-galaxy-chromebook-go-xe340xda-n4500-glr-1-638618349969525771-750x500.jpg và
https://cdnv2.tgdd.vn/mwg-static/tgdd/Products/Images/44/328598/samsung-galaxy-chromebook-go-xe340xda-n4500-glr-2-638618349977466372-750x500.jpg và
https://cdnv2.tgdd.vn/mwg-static/tgdd/Products/Images/44/328598/samsung-galaxy-chromebook-go-xe340xda-n4500-glr-3-638618349984309102-750x500.jpg và
https://cdnv2.tgdd.vn/mwg-static/tgdd/Products/Images/44/328598/samsung-galaxy-chromebook-go-xe340xda-n4500-glr-4-638618349991197217-750x500.jpg và
https://cdnv2.tgdd.vn/mwg-static/tgdd/Products/Images/44/328598/samsung-galaxy-chromebook-go-xe340xda-n4500-glr-5-638618349997062463-750x500.jpg và
https://cdnv2.tgdd.vn/mwg-static/tgdd/Products/Images/44/328598/samsung-galaxy-chromebook-go-xe340xda-n4500-glr-6-638618350003284872-750x500.jpg và
https://cdnv2.tgdd.vn/mwg-static/tgdd/Products/Images/44/328598/samsung-galaxy-chromebook-go-xe340xda-n4500-glr-7-638618350008789610-750x500.jpg và
https://cdnv2.tgdd.vn/mwg-static/tgdd/Products/Images/44/328598/samsung-galaxy-chromebook-go-xe340xda-n4500-glr-8-638618350014499324-750x500.jpg và
https://cdnv2.tgdd.vn/mwg-static/tgdd/Products/Images/44/328598/samsung-galaxy-chromebook-go-xe340xda-n4500-glr-9-638618350020178286-750x500.jpg và
https://cdnv2.tgdd.vn/mwg-static/tgdd/Products/Images/44/328598/samsung-galaxy-chromebook-go-xe340xda-n4500-glr-10-638618350026269325-750x500.jpg và
https://cdnv2.tgdd.vn/mwg-static/tgdd/Products/Images/44/328598/samsung-galaxy-chromebook-go-xe340xda-n4500-glr-11-638618350033580095-750x500.jpg và
https://cdnv2.tgdd.vn/mwg-static/tgdd/Products/Images/44/328598/samsung-galaxy-chromebook-go-xe340xda-n4500-glr-12-638618350039519494-750x500.jpg và
https://cdnv2.tgdd.vn/mwg-static/tgdd/Products/Images/44/328598/samsung-galaxy-chromebook-go-xe340xda-n4500-glr-13-638618350046112758-750x500.jpg và
https://cdnv2.tgdd.vn/mwg-static/tgdd/Products/Images/44/328598/samsung-galaxy-chromebook-go-xe340xda-n4500-glr-14-638618350052382674-750x500.jpg và
https://cdnv2.tgdd.vn/mwg-static/tgdd/Products/Images/44/328598/samsung-galaxy-chromebook-go-xe340xda-n4500-glr-15-638618350057860693-750x500.jpg và
https://cdnv2.tgdd.vn/mwg-static/tgdd/Products/Images/44/328598/samsung-galaxy-chromebook-go-xe340xda-n4500-glr-16-638618350064399772-750x500.jpg và
https://cdn.tgdd.vn/Products/Images/44/328598/Kit/samsung-galaxy-chromebook-go-xe340xda-n4500-bbh-org.jpg và
",https://www.thegioididong.com/laptop/samsung-galaxy-chromebook-go-xe340xda-n4500,https://cdn.tgdd.vn/Products/Images/44/328598/samsung-galaxy-chromebook-go-xe340xda-n4500-thumb-600x600.jpg
